employee_id,name,age,gender,department,salary,years_experience,performance_score,satisfaction_score,remote_days,projects_completed,training_hours,city,hire_date,seniority,salary_band,hire_year,performance_tier
EMP0001,Aryan Maharaj,47,Non-binary,Engineering,1098685.6612044931,14,3.908676279065232,6.5164562424507295,0,5,47.18067871938506,Jaipur,2019-01-18,Senior,Upper-Mid,2019,High
EMP0002,Udant Dewan,55,Male,HR,844694.2795315261,16,2.9344318216432983,9.487682539702368,1,5,33.93570714211401,Noida,2026-02-26,Principal,Mid,2026,Medium
EMP0003,Gagan Sami,27,Male,Engineering,1159075.415240277,24,2.7019733377923014,3.1662344064925447,4,6,95.20594480519262,Kolkata,2019-06-19,Principal,Upper-Mid,2019,Medium
EMP0004,Ayushman Chander,58,Non-binary,HR,1509211.94256321,23,2.383739970187852,2.0935123867082623,0,10,5.226285859511002,Surat,2015-02-12,Principal,Senior,2015,Medium
EMP0005,Viraj Tiwari,54,Female,Marketing,806338.6501106656,3,2.484155051938411,2.777234408739436,1,5,30.54588576027218,Surat,2022-08-14,Mid,Mid,2022,Medium
EMP0006,Rushil Saini,43,Male,Marketing,806345.2172203278,11,4.950598254944231,8.982324101883425,1,4,84.63183906220539,Noida,2014-03-09,Senior,Mid,2014,High
EMP0007,Saumya Mall,42,Male,HR,1531685.1262029563,26,1.16043676564993,6.812297313896854,2,10,21.106922376261323,Surat,2016-09-02,Principal,Senior,2016,Low
EMP0008,Nathaniel Sami,27,Male,Sales,1206973.8916611634,25,4.468125984489794,3.573161103152441,2,6,26.31080901777093,Hyderabad,2023-01-12,Principal,Upper-Mid,2023,High
EMP0009,Arunima Dugal,27,Non-binary,Sales,712210.2456260192,4,3.3147016342895737,8.343522450717554,4,10,2.922646715695765,Noida,2024-04-21,Mid,Mid,2024,Medium
EMP0010,Gayathri Chaudry,25,Male,Marketing,1117024.0174343858,28,2.754461676758362,8.752329967270924,1,11,13.037164314890743,Jaipur,2016-04-18,Principal,Upper-Mid,2016,Medium
EMP0011,Lajita Chatterjee,51,Non-binary,Marketing,714632.9228750151,4,3.901030641660546,8.618629048212503,5,5,15.69247859838548,Kolkata,2013-03-08,Mid,Mid,2013,High
EMP0012,Hemangini Lalla,32,Non-binary,Engineering,713708.0985718973,10,2.9466757656988114,9.27033880275599,1,8,116.1060366618806,Ahmedabad,2016-11-02,Senior,Mid,2016,Medium
EMP0013,Tripti Yadav,51,Non-binary,Operations,996784.9086264136,27,4.493692952326642,3.270169181560254,2,6,13.288624546647776,Kochi,2024-08-29,Principal,Upper-Mid,2024,High
EMP0016,Chakradev Kari,30,Female,Sales,675084.9883036109,23,2.1073111889402063,8.577986976010553,0,13,7.078240957363322,Gurgaon,2017-02-12,Principal,Mid,2017,Medium
EMP0017,Fariq Kaul,24,Male,Sales,494867.5518662305,13,3.369401314373449,7.5564160944545185,3,4,26.65572237975894,Surat,2025-12-04,Senior,Entry,2025,Medium
EMP0018,Lajita Mall,52,Male,Engineering,1025698.9330381096,23,4.649453382466763,7.9880270184975215,2,8,53.65881188643779,Kolkata,2018-10-05,Principal,Upper-Mid,2018,High
EMP0019,Janya Gaba,58,Male,Sales,536790.3697915156,10,1.8426487560226663,6.905456539129643,3,5,80.65272476099979,Chennai,2018-10-12,Senior,Mid,2018,Low
EMP0020,Isha Kadakia,57,Male,Sales,335078.5194658834,29,3.491866334253931,2.596858925227362,5,11,39.36771878941789,Surat,2025-03-08,Principal,Entry,2025,Medium
EMP0021,Ekbal Garg,45,Male,Operations,1486259.5075686215,12,3.526240880370082,5.905242270072445,2,8,44.23194377484113,Surat,2019-02-09,Senior,Upper-Mid,2019,High
EMP0022,Nihal Shere,52,Non-binary,Finance,809689.4798053857,1,3.932452089661124,9.862027655720574,4,3,5.399971811103751,Mumbai,2023-05-03,Junior,Mid,2023,High
EMP0023,Anamika Kanda,27,Non-binary,HR,927011.2818751696,24,1.5262707405090392,9.43649259847407,1,10,116.58563337542878,Surat,2022-03-23,Principal,Upper-Mid,2022,Low
EMP0024,Daksh Karnik,23,Male,Operations,330100.7255146173,6,3.863299858728354,1.388563622173105,4,12,5.689006508806709,Chandigarh,2012-07-02,Mid,Entry,2012,High
EMP0025,Diya Rattan,41,Non-binary,Finance,682246.910189927,19,4.636130082662564,2.483333341564934,5,7,59.60809278897421,Delhi,2020-05-09,Principal,Mid,2020,High
EMP0026,Dominic Kakar,49,Male,Sales,944369.0358839463,3,1.718732435480968,2.1855589610910573,2,8,12.305396345890644,Noida,2023-08-27,Mid,Upper-Mid,2023,Low
EMP0028,Tara Dhar,25,Non-binary,Engineering,1050279.2073382689,7,4.885580376166558,8.360067968712507,1,6,50.91284736001893,Lucknow,2016-02-19,Mid,Upper-Mid,2016,High
EMP0029,Liam Koshy,36,Non-binary,Sales,659744.524032478,19,1.723907810837959,2.9216022967960478,0,2,56.06667061256616,Hyderabad,2012-07-08,Principal,Mid,2012,Low
EMP0030,Priya Rastogi,27,Non-binary,Marketing,783322.5000826893,28,4.4175403734783165,5.552674236566461,0,11,9.890235910980632,Chennai,2021-03-26,Principal,Mid,2021,High
EMP0031,Theodore Devi,51,Female,Finance,659317.3551082412,21,2.969111425792139,8.5663272521008,5,11,23.410472518734,Lucknow,2015-12-01,Principal,Mid,2015,Medium
EMP0032,Gavin Batta,59,Male,Sales,1640911.273803575,20,1.988924297612708,7.595213902896255,3,8,38.47383082027231,Delhi,2020-05-10,Principal,Senior,2020,Low
EMP0033,Michael Dutta,23,Female,Engineering,894601.1101048264,18,4.482999605090045,5.880134849426635,2,14,58.78245092749273,Bengaluru,2017-09-16,Principal,Mid,2017,High
EMP0034,Devansh Rajan,36,Non-binary,Engineering,971304.5863179069,12,2.781221020010662,6.313129214128956,2,13,4.390781106060463,Hyderabad,2021-08-31,Senior,Upper-Mid,2021,Medium
EMP0035,Upadhriti Wadhwa,32,Female,Finance,1229017.9648412757,13,3.0592694157187608,5.57524492224652,0,2,131.19316876191027,Bengaluru,2016-08-04,Senior,Upper-Mid,2016,Medium
EMP0036,Advay Contractor,29,Male,HR,411662.5400115911,9,2.4369334775990628,3.677936061869385,4,12,88.37132096183566,Jaipur,2011-12-15,Senior,Entry,2011,Medium
EMP0037,Harini Choudhury,47,Male,Sales,905200.7567511628,10,3.3718034057397097,6.085197935731145,1,7,12.60753520464392,Delhi,2024-05-14,Senior,Upper-Mid,2024,Medium
EMP0039,Aarush Lall,27,Female,Sales,368725.58044062776,24,2.564326146607043,8.859906242747268,4,6,29.219337214120596,Mumbai,2026-04-16,Principal,Entry,2026,Medium
EMP0040,Yashica Cherian,47,Female,HR,978744.4943476494,25,4.87764928934115,6.726622185813232,5,8,24.78148335191721,Kolkata,2015-06-09,Principal,Upper-Mid,2015,High
EMP0041,Yashica Issac,25,Female,Finance,1195386.631998164,8,2.03253373080451,7.850093833388422,0,9,15.100426354742345,Ahmedabad,2026-01-07,Senior,Upper-Mid,2026,Medium
EMP0042,Kashvi Edwin,40,Male,Finance,968547.3124759882,16,3.626946658165169,2.4406447145911567,0,7,34.79237558522564,Chandigarh,2025-07-15,Principal,Upper-Mid,2025,High
EMP0043,Ekiya Suresh,41,Male,Engineering,853740.6870447038,25,2.3007602568987795,5.154017269778109,0,8,52.356909164634814,Surat,2012-06-11,Principal,Mid,2012,Medium
EMP0045,Wriddhish Bhardwaj,41,Male,Finance,308591.20385302906,23,1.5234946428733993,3.220109780694607,3,7,39.68576830838497,Chennai,2016-10-07,Principal,Entry,2016,Low
EMP0046,Farhan Chada,33,Male,Marketing,612062.3166421165,5,4.879284180314179,7.5381554360170435,4,10,48.06740640658621,Mumbai,2023-05-03,Mid,Mid,2023,High
EMP0048,Kabir Soman,47,Male,Engineering,1322848.8904875664,4,1.944201853385856,1.8926028962849435,2,9,2.1346006360616583,Chennai,2025-08-11,Mid,Upper-Mid,2025,Low
EMP0049,Alka Wable,35,Female,Operations,1037447.3158273846,21,1.2939869893200506,4.613448842751595,1,2,78.57252355849806,Chandigarh,2013-06-17,Principal,Upper-Mid,2013,Low
EMP0051,Devika Rastogi,58,Non-binary,Engineering,1029633.587757918,22,3.07909579422407,2.8363207116600897,2,9,12.17501638843662,Chandigarh,2023-01-14,Principal,Upper-Mid,2023,Medium
EMP0052,Raksha Varughese,32,Female,Finance,745967.0878334733,16,2.348012705725145,5.995764543720576,4,4,11.07045061765718,Gurgaon,2011-11-03,Principal,Mid,2011,Medium
EMP0053,Jai Kota,57,Male,Finance,629231.1998776165,8,4.315533463530437,7.597641664267073,0,13,26.389588096671886,Ahmedabad,2012-04-29,Senior,Mid,2012,High
EMP0054,Devansh Nigam,34,Non-binary,Operations,1144670.5155363472,2,2.723550094647224,6.543869052341611,4,8,87.15511077003984,Delhi,2022-12-30,Junior,Upper-Mid,2022,Medium
EMP0055,Victor Kannan,24,Female,Operations,1312399.8089983803,19,1.99485709035052,2.692222611538745,5,11,19.014966217269595,Lucknow,2016-10-24,Principal,Upper-Mid,2016,Low
EMP0056,Ekavir Bhargava,54,Non-binary,Operations,1272512.0476464794,25,3.46857994641612,4.198461118171655,1,6,55.407917981319095,Hyderabad,2017-01-22,Principal,Upper-Mid,2017,Medium
EMP0057,Ekansh Balay,27,Male,Operations,564312.9907109446,16,3.8271088675417833,8.054126060368574,5,8,4.073280193318557,Kochi,2019-10-29,Principal,Mid,2019,High
EMP0058,Ekavir Varkey,31,Female,Operations,776315.0496595142,28,3.455734339040247,5.98803862718815,3,7,25.85487242912769,Chennai,2020-05-24,Principal,Mid,2020,Medium
EMP0059,Arya Sunder,26,Male,Marketing,1032505.3725614256,26,1.6704768651532709,1.0470665218862147,3,11,191.59325298395063,Noida,2021-07-03,Principal,Upper-Mid,2021,Low
EMP0060,Kevin Solanki,44,Non-binary,Sales,1290218.0508489436,9,1.146685707734172,7.848916840252844,1,8,58.8632509760202,Noida,2025-07-20,Senior,Upper-Mid,2025,Low
EMP0061,Urvashi Ray,31,Female,HR,708330.304861884,2,3.945608060262562,1.3178021944621516,2,11,9.455661203711747,Lucknow,2016-11-24,Junior,Mid,2016,High
EMP0062,Girindra Chatterjee,23,Non-binary,Engineering,825736.4093344732,17,3.65521811048722,7.711604044581089,2,2,27.84137166612064,Surat,2022-10-06,Principal,Mid,2022,High
EMP0063,Irya Sampath,34,Non-binary,Operations,457466.0103975887,17,3.455734339040247,2.8223250414871366,3,5,10.643334579901095,Lucknow,2019-12-05,Principal,Entry,2019,Medium
EMP0064,Unni Bhagat,23,Female,Sales,421517.3503677317,29,4.376681795876788,9.62266132107442,3,5,21.075553110990207,Noida,2019-04-05,Principal,Entry,2019,High
EMP0065,Darsh Rau,41,Non-binary,Finance,1225010.3289576792,16,4.222680611800213,4.31146676171876,0,6,60.58038926600534,Kochi,2017-04-15,Principal,Upper-Mid,2017,High
EMP0066,Ikbal Kothari,22,Male,Sales,1442496.0114283292,23,3.3414174575870086,3.942384547042712,2,12,59.00061935182458,Hyderabad,2021-01-22,Principal,Upper-Mid,2021,Medium
EMP0068,Logan Sami,30,Male,Engineering,1301413.1591568096,2,1.823364840147073,3.750437939411934,2,7,102.15654447746849,Delhi,2013-01-07,Junior,Upper-Mid,2013,Low
EMP0069,Arya Shere,38,Male,Operations,1044654.4100190536,5,1.4476784775909115,8.889856856453804,0,7,35.91526719876014,Jaipur,2022-05-09,Mid,Upper-Mid,2022,Low
EMP0070,Faqid Savant,30,Non-binary,Sales,641952.0981579503,12,2.0789984460679585,9.967009038645228,5,13,19.11654788185578,Hyderabad,2018-10-21,Senior,Mid,2018,Medium
EMP0071,Chandresh Zachariah,32,Male,Finance,1044558.2422033655,23,1.2283474243572594,4.314785774561635,3,9,27.88103417846026,Lucknow,2017-02-14,Principal,Upper-Mid,2017,Low
EMP0072,Girik Khalsa,36,Female,Sales,1515214.6265863876,28,3.124678112004128,5.037495678590883,3,8,37.16199675211811,Bengaluru,2019-09-29,Principal,Senior,2019,Medium
EMP0073,Niharika Sunder,45,Male,Operations,885669.5843560194,14,4.746422769179846,7.498638443824634,0,8,32.8292716701466,Kochi,2015-03-31,Senior,Mid,2015,High
EMP0074,Tanay Rattan,59,Male,HR,1525857.4623256023,24,1.1573741626740386,8.97576202418567,1,4,26.652813241892773,Chennai,2015-03-23,Principal,Senior,2015,Low
EMP0076,Madhavi Lanka,51,Female,HR,1228761.0017500897,3,2.808796113133741,4.523731283600464,4,13,7.763390614238109,Bengaluru,2026-04-07,Mid,Upper-Mid,2026,Medium
EMP0077,Bhavika Sampath,52,Female,Operations,934818.8272952684,13,4.73550007011162,4.713596567637614,3,6,67.00877447915518,Delhi,2015-08-08,Senior,Upper-Mid,2015,High
EMP0078,Mohammed Gupta,26,Female,Sales,780397.059813653,4,2.264624419907002,7.260563318471262,4,9,31.214516513818285,Mumbai,2025-01-24,Mid,Mid,2025,Medium
EMP0079,Teerth Bhardwaj,35,Non-binary,Finance,936704.3106142008,1,3.0289392347535697,1.0289643724385082,0,9,5.620162345429343,Bengaluru,2018-09-08,Junior,Upper-Mid,2018,Medium
EMP0081,Vansha Thakkar,30,Male,Marketing,812131.2448649952,8,1.5933728038483554,4.199437093972216,3,3,107.79192301426038,Chennai,2024-02-10,Senior,Mid,2024,Low
EMP0082,Dakshesh Trivedi,55,Female,HR,981385.4543468892,23,4.946520491835388,8.147775981493758,2,8,117.73082989269406,Surat,2018-02-05,Principal,Upper-Mid,2018,High
EMP0083,Quincy Biswas,33,Female,Operations,1491157.6178966064,2,4.860474785744183,1.8369157584081892,4,9,18.41910075654892,Chandigarh,2024-10-18,Junior,Upper-Mid,2024,High
EMP0084,Wahab Raval,56,Male,HR,692691.912690541,26,1.0197599237376385,6.293820402535514,1,7,5.824939693527044,Gurgaon,2017-12-29,Principal,Mid,2017,Low
EMP0085,Yatin Baral,56,Non-binary,Operations,925712.007638185,27,4.807247141692956,5.328756008975113,3,6,29.22562438897029,Surat,2012-08-20,Principal,Upper-Mid,2012,High
EMP0086,Oni Virk,22,Female,Operations,699297.1825661854,28,3.556479751262001,6.780929733147047,1,4,4.778793621200832,Kochi,2021-07-19,Principal,Mid,2021,High
EMP0087,Advika Jayaraman,43,Non-binary,Marketing,1266160.8470808296,8,4.4716731780800885,1.5836823503467152,3,16,108.716397061053,Chennai,2024-01-01,Senior,Upper-Mid,2024,High
EMP0088,William Lanka,50,Non-binary,Finance,1031500.4438638738,2,2.8189594225354364,6.219854086853181,2,11,8.113035764549405,Ahmedabad,2016-02-11,Junior,Upper-Mid,2016,Medium
EMP0089,Karan Mital,29,Non-binary,Finance,688095.9184931845,24,3.062384114317001,6.053361291635714,2,9,11.655068098710911,Delhi,2016-07-12,Principal,Mid,2016,Medium
EMP0090,Diya Bora,32,Male,Sales,1105306.9732453425,1,2.9553863210276807,6.045940849745539,2,7,20.877925130775125,Ahmedabad,2012-04-16,Junior,Upper-Mid,2012,Medium
EMP0091,Tara Chaudhry,58,Non-binary,HR,938831.0197392162,11,3.667457030184418,6.431388999368093,5,13,19.326114091791528,Chandigarh,2019-06-14,Senior,Upper-Mid,2019,High
EMP0092,Tanay Toor,35,Non-binary,Finance,1287457.9962131558,9,1.5586050190252516,7.08821143503726,2,4,63.32408892426187,Chennai,2024-09-08,Senior,Upper-Mid,2024,Low
EMP0093,Kevin Palla,51,Male,Engineering,619178.762449059,8,1.1198943594907118,8.244900997126928,0,10,24.37554370000894,Chandigarh,2024-02-02,Senior,Mid,2024,Low
EMP0095,Nakul Sarma,42,Non-binary,Sales,743156.7387471369,7,3.818723050946587,8.425444691620559,5,8,12.43583877515544,Chennai,2025-03-24,Mid,Mid,2025,High
EMP0096,Abhiram Mistry,58,Male,Marketing,314594.0207471526,24,2.7205529957396215,5.484301140371082,4,5,28.461684196701565,Jaipur,2020-11-18,Principal,Entry,2020,Medium
EMP0097,Krish Lalla,26,Male,HR,1018448.1108258304,4,3.693729733299669,1.6935245122089806,1,9,6.38112061921229,Jaipur,2023-03-23,Mid,Upper-Mid,2023,High
EMP0098,Hredhaan Dugal,40,Female,Finance,1004422.1088719558,10,4.879648184429081,1.5269583631958128,3,5,37.83451595973981,Ahmedabad,2018-12-13,Senior,Upper-Mid,2018,High
EMP0099,Baghyawati Kade,35,Female,Finance,902045.3826569844,26,1.3756028631576735,4.008144868264547,3,6,33.36514685398777,Ahmedabad,2013-02-19,Principal,Upper-Mid,2013,Low
EMP0100,Samar Lalla,47,Female,Operations,806165.1466499412,1,3.690408472900505,8.064072794003208,5,8,50.168885596250206,Delhi,2014-05-02,Junior,Mid,2014,High
EMP0101,Zayan Behl,25,Non-binary,Sales,333851.7031798343,23,2.7750008772182846,7.369128412668242,0,5,111.03471756275754,Surat,2013-05-26,Principal,Entry,2013,Medium
EMP0102,Pallavi Malhotra,46,Non-binary,HR,731741.8708938564,27,2.9344318216432983,8.09753468205166,3,13,97.33261585391328,Mumbai,2023-03-05,Principal,Mid,2023,Medium
EMP0103,Aarush Nath,46,Non-binary,HR,981385.4543468892,14,1.7085991577895436,5.655421507974484,0,11,116.8069019364257,Kochi,2011-09-18,Senior,Upper-Mid,2011,Low
EMP0104,Adweta Edwin,39,Male,HR,579089.0923113525,5,3.770503808904658,4.961790981599415,4,9,11.226436319205977,Kolkata,2019-08-18,Mid,Mid,2019,High
EMP0105,Prisha Andra,29,Non-binary,Operations,835485.7153335963,7,4.35246115859244,2.3270727403565554,1,6,5.642515635082777,Chandigarh,2016-11-07,Mid,Mid,2016,High
EMP0106,Faqid Dixit,35,Female,Marketing,1061620.3427258153,26,4.778456877896093,3.953734782483804,4,9,14.39730695455683,Pune,2023-05-17,Principal,Upper-Mid,2023,High
EMP0107,Kala Divan,53,Male,Finance,1654474.3604842122,4,3.7329921131585833,4.9061742955648775,5,9,90.18425708813484,Surat,2019-08-05,Mid,Senior,2019,High
EMP0108,Joshua Barman,59,Male,HR,969831.1251327356,15,2.988699056033709,1.797403867116555,2,3,143.09849611188693,Chennai,2020-06-30,Senior,Upper-Mid,2020,Medium
EMP0109,Janya Baral,54,Male,Operations,1003020.1562891058,25,3.471388960804856,2.985507574400901,2,7,78.4521066337297,Mumbai,2012-08-11,Principal,Upper-Mid,2012,Medium
EMP0110,Shivansh Krish,44,Female,Marketing,870221.6336935331,17,4.475619937914873,6.384027646573649,2,8,4.662149113337925,Delhi,2015-12-16,Principal,Mid,2015,High
EMP0112,Warjas Gaba,54,Female,Engineering,889394.4498203133,4,1.1215482387873474,9.985127602536547,3,7,22.021348122835704,Lucknow,2022-02-06,Mid,Mid,2022,Low
EMP0113,Nitara Bakshi,46,Male,Sales,924092.0839764106,27,2.953401248366565,9.39801998209202,1,6,0.3741560968779317,Gurgaon,2019-03-16,Principal,Upper-Mid,2019,Medium
EMP0114,Gaurangi Sabharwal,38,Male,Finance,1885296.8449941145,15,3.758107004126245,6.783086795816724,2,5,23.36408777019364,Gurgaon,2022-11-09,Senior,Senior,2022,High
EMP0115,Amara Dutta,54,Non-binary,Operations,823055.614087551,12,3.706053543108986,4.791232479646649,5,10,1.8865646025346936,Surat,2023-09-02,Senior,Mid,2023,High
EMP0116,Lavanya Barad,23,Non-binary,Operations,1020618.936933445,27,1.8627006095908687,6.725596282374094,5,5,31.39979154182203,Surat,2012-06-04,Principal,Upper-Mid,2012,Low
EMP0117,Tristan Iyengar,35,Female,Finance,886115.2921179027,4,3.635541880930629,4.950891888570547,2,8,16.53307891570901,Mumbai,2025-11-26,Mid,Mid,2025,High
EMP0118,Inaya Mody,27,Male,Sales,432528.7849521872,12,2.575457622616634,2.065025718310486,2,8,25.655214885062406,Noida,2020-12-14,Senior,Entry,2020,Medium
EMP0119,Udant Bajwa,27,Non-binary,Engineering,1357129.1258060082,16,3.604931908165968,4.689144007266594,1,8,37.99083566044671,Lucknow,2018-01-25,Principal,Upper-Mid,2018,High
EMP0120,Mohini Narasimhan,24,Female,Marketing,1200773.2130747098,17,1.4263721212319629,8.558220570720554,2,6,81.24163019108002,Gurgaon,2021-07-09,Principal,Upper-Mid,2021,Low
EMP0121,Ekaraj Mallick,28,Female,Operations,1216412.7788172187,7,3.631381218412144,4.454496567397396,1,8,43.37672928071164,Chennai,2016-06-26,Mid,Upper-Mid,2016,High
EMP0122,Yashodhara Ratta,29,Non-binary,Sales,536245.0180821044,12,4.997654903082666,6.146850441044679,5,7,22.769901782957174,Surat,2024-06-27,Senior,Mid,2024,High
EMP0123,Ayaan D’Alia,36,Female,Marketing,1461117.7243744396,29,1.192848155442224,6.289924247759784,2,10,68.46499513647088,Mumbai,2023-01-09,Principal,Upper-Mid,2023,Low
EMP0124,Pranav Lanka,50,Male,Marketing,339259.57488308765,28,4.908696736885269,2.6602862782027543,4,7,94.40100012428188,Noida,2020-11-30,Principal,Entry,2020,High
EMP0125,Ikbal Saraf,54,Female,Marketing,1134742.837520108,18,2.6276318428914824,4.260118974870595,4,8,5.10242573142602,Noida,2014-01-17,Principal,Upper-Mid,2014,Medium
EMP0126,Dipta Sarin,51,Male,Engineering,1776182.2503239913,25,4.483013801349037,4.01060159867739,5,9,30.36575131843325,Bengaluru,2025-10-24,Principal,Senior,2025,High
EMP0127,Lekha Gupta,48,Male,Engineering,503785.4699477247,2,4.129541936233094,1.235770376788583,1,8,13.391615813954964,Ahmedabad,2017-10-22,Junior,Mid,2017,High
EMP0128,Chaitanya Sarin,57,Non-binary,Marketing,673480.9081588913,23,3.268065043946671,1.217725875022197,4,6,1.9281837368099009,Jaipur,2024-12-23,Principal,Mid,2024,Medium
EMP0129,Zinal Yohannan,50,Non-binary,HR,939860.5460350564,7,3.953796837005306,5.7945229728461065,1,9,44.17073357401142,Lucknow,2012-02-24,Mid,Upper-Mid,2012,High
EMP0130,Januja Sankar,59,Non-binary,Finance,698609.7383535203,1,4.514062245205391,3.457637289755312,4,7,79.44410376361162,Ahmedabad,2013-03-07,Junior,Mid,2013,High
EMP0132,Charita Tripathi,58,Non-binary,HR,927425.1899224108,26,2.308132646252955,3.6885301622989575,1,11,66.94064187573413,Chennai,2013-10-15,Principal,Upper-Mid,2013,Medium
EMP0133,Nilima Narain,48,Non-binary,HR,981385.4543468892,12,3.670373542254339,9.466113206038065,3,7,76.80073548814751,Bengaluru,2016-02-27,Senior,Upper-Mid,2016,High
EMP0134,Chakrika Datta,54,Female,Operations,1089436.9722540723,12,4.231383767765035,3.333670829791964,4,9,98.29497898093835,Surat,2021-12-16,Senior,Upper-Mid,2021,High
EMP0135,Osha Raghavan,25,Non-binary,Finance,532230.3063064788,0,4.049140539106463,4.866911314650416,2,8,12.330909252813084,Kolkata,2016-07-04,Junior,Mid,2016,High
EMP0136,Charvi Ravi,43,Female,Marketing,1519973.7620070158,5,4.191254595434538,8.854572254361416,5,6,93.71673210868272,Lucknow,2025-06-07,Mid,Senior,2025,High
EMP0137,Daksha Mangat,23,Female,Operations,586698.6830655052,23,2.742333259251732,8.577402101126278,3,6,15.465503816000156,Gurgaon,2024-09-28,Principal,Mid,2024,Medium
EMP0138,Qushi Nagy,31,Male,Operations,771175.3935177298,18,4.2713368647000864,2.674912760616496,1,14,32.14867302646239,Ahmedabad,2024-01-03,Principal,Mid,2024,High
EMP0139,Riya Sathe,26,Male,HR,981385.4543468892,15,1.4808362214824338,8.223789788161394,3,12,2.073104677435069,Delhi,2015-01-29,Senior,Upper-Mid,2015,Low
EMP0140,Yasti Solanki,31,Non-binary,HR,407654.2734264179,7,3.177956391843398,5.123681980641034,0,5,1.79491956457317,Ahmedabad,2020-11-04,Mid,Entry,2020,Medium
EMP0141,Frado Mander,54,Female,HR,990983.9738416518,27,1.0230346419924865,5.346719848768197,0,12,50.971978701309446,Pune,2019-08-01,Principal,Upper-Mid,2019,Low
EMP0142,Girik Keer,59,Male,Marketing,1422857.1017129712,0,2.298343319601081,2.201319751743494,4,8,23.514025092307755,Kolkata,2013-03-12,Junior,Upper-Mid,2013,Medium
EMP0144,Aryan Batra,52,Male,Operations,973853.5434129216,26,2.5846907664370216,7.551453762763886,2,4,8.449266023164984,Pune,2019-04-27,Principal,Upper-Mid,2019,Medium
EMP0145,Vaishnavi Bora,57,Male,Operations,1003953.1176993694,15,3.7818688267594487,5.468150371197698,5,5,44.34086790648077,Lucknow,2018-11-09,Senior,Upper-Mid,2018,High
EMP0146,Oeshi Hayer,45,Non-binary,Engineering,1212729.1487109242,8,2.554232405081383,4.931656323536616,3,5,0.0160649866291939,Delhi,2013-11-05,Senior,Upper-Mid,2013,Medium
EMP0147,Warda Ratta,36,Male,Engineering,405219.7156487673,12,2.7947744904901226,7.56557405787157,0,4,65.57345174759487,Gurgaon,2025-06-11,Senior,Entry,2025,Medium
EMP0148,Manbir Ahluwalia,50,Non-binary,HR,371817.3547662895,10,1.9501765234973096,7.889616090919988,4,7,3.3026518354455026,Bengaluru,2013-08-18,Senior,Entry,2013,Low
EMP0149,Pavani Kanda,29,Female,Marketing,1108776.626246759,12,2.4930071665173603,2.430173509024182,5,9,8.502470206382153,Pune,2021-03-14,Senior,Upper-Mid,2021,Medium
EMP0150,Zarna Shetty,26,Non-binary,Marketing,886922.1007623627,24,1.909078509052606,6.492026345298772,3,7,19.52581734401141,Kolkata,2022-02-16,Principal,Mid,2022,Low
EMP0151,Zaid Dara,50,Male,Operations,1000197.1401383508,20,1.2927836950737746,2.2181867404991698,4,6,26.532564964645275,Chandigarh,2020-05-24,Principal,Upper-Mid,2020,Low
EMP0152,Kiaan Shetty,25,Female,Finance,1038579.2837987904,9,3.413794373525512,7.762375774261411,4,7,17.539895593341974,Ahmedabad,2023-12-16,Senior,Upper-Mid,2023,Medium
EMP0153,Saanvi Thaman,33,Female,HR,981385.4543468892,3,3.672851194220065,6.912596406404256,0,4,15.468413242513805,Chennai,2019-10-10,Mid,Upper-Mid,2019,High
EMP0154,Sanaya Dutt,23,Non-binary,Engineering,992901.4788644016,26,3.477961384038458,9.60953158975112,0,9,132.87624239093785,Lucknow,2023-09-12,Principal,Upper-Mid,2023,Medium
EMP0155,Shivani Lad,48,Female,Finance,1017228.9893194725,5,2.8539761752022894,1.6206221472077906,4,10,41.04195626116269,Kolkata,2011-09-29,Mid,Upper-Mid,2011,Medium
EMP0156,Aradhana Verma,52,Non-binary,Marketing,614259.4327894528,27,2.7205529957396215,1.5134924903612887,1,11,0.9484749169740004,Gurgaon,2012-01-01,Principal,Mid,2012,Medium
EMP0157,William Maharaj,57,Female,Engineering,1646309.804457903,6,4.4533345982873005,3.539683672238801,4,11,22.497103083584907,Noida,2020-12-09,Mid,Senior,2020,High
EMP0158,Faras Mangal,57,Non-binary,HR,1089533.168364715,4,3.076327140544872,3.355351153623154,5,8,83.1804456821459,Jaipur,2019-12-21,Mid,Upper-Mid,2019,Medium
EMP0159,Anita Nayak,47,Male,Marketing,423478.60111894057,10,2.916727510518924,3.2228091916479986,4,10,14.350295079964292,Mumbai,2021-01-31,Senior,Entry,2021,Medium
EMP0160,Faris Devi,48,Non-binary,HR,1162621.443453532,12,1.1025682632257428,9.15629122468933,2,9,3.973209145418605,Ahmedabad,2022-10-28,Senior,Upper-Mid,2022,Low
EMP0161,Vihaan Rajagopal,26,Non-binary,Operations,510127.3319090714,25,2.3649913105046254,3.245915798645555,2,8,56.81635133636776,Delhi,2017-07-26,Principal,Mid,2017,Medium
EMP0162,Tanish Bhatt,41,Male,Finance,1214833.8414969807,24,3.0608267650178806,3.447547535157679,2,3,37.25757906948812,Pune,2020-11-26,Principal,Upper-Mid,2020,Medium
EMP0163,Nikita Narayanan,32,Non-binary,Finance,1363438.2316029617,18,2.595291123587602,7.8345843617616735,1,5,33.78788387606222,Chennai,2018-10-15,Principal,Upper-Mid,2018,Medium
EMP0164,Ojasvi Bhatia,31,Non-binary,Finance,571727.0726593158,22,3.320689476909329,5.04765858205486,1,7,2.202607946788073,Pune,2020-09-22,Principal,Mid,2020,Medium
EMP0165,Osha Ramachandran,59,Female,Sales,1285350.4516977286,9,3.134410186907514,7.990395012596631,4,7,6.056132083581085,Delhi,2015-08-31,Senior,Upper-Mid,2015,Medium
EMP0166,Lajita Sood,27,Non-binary,HR,1065112.3707745993,9,3.4316203711737785,1.588295418079467,2,8,38.97262279001794,Noida,2025-09-01,Senior,Upper-Mid,2025,Medium
EMP0167,Indira Misra,29,Female,Finance,1228824.063997796,10,4.059533046168513,5.388140743060458,1,5,9.318859579977849,Kolkata,2018-07-25,Senior,Upper-Mid,2018,High
EMP0168,Oni Yohannan,44,Male,Operations,1658717.193061579,20,4.251942954864374,1.3025224016495436,0,7,28.052826082197097,Gurgaon,2023-05-22,Principal,Senior,2023,High
EMP0170,Rajata Sunder,33,Female,HR,598505.5342570042,6,4.822094783819739,9.157937080099698,5,7,13.335482681369696,Gurgaon,2015-10-12,Mid,Mid,2015,High
EMP0171,Lopa Nayar,47,Male,Finance,544194.2281497907,17,1.0729303307054463,2.2532083400583565,3,7,118.58884943442176,Mumbai,2012-05-30,Principal,Mid,2012,Low
EMP0172,Noah Sibal,34,Female,HR,573675.8860138247,3,1.7831119427341844,5.791786140476954,4,10,73.92407814290719,Lucknow,2012-03-20,Mid,Mid,2012,Low
EMP0173,Avi Ramesh,39,Male,Marketing,869159.3162343584,1,1.0302514999125685,4.699860423406359,3,7,51.2591448521422,Gurgaon,2017-11-29,Junior,Mid,2017,Low
EMP0175,Triya Gopal,54,Non-binary,HR,1010676.3197320076,12,4.592122195799948,9.098500111185452,3,7,4.487797994163521,Ahmedabad,2014-05-18,Senior,Upper-Mid,2014,High
EMP0176,Abha Raghavan,33,Female,HR,1230873.2996144097,28,1.973929186305197,1.1964105709794055,2,5,27.152523915120696,Kolkata,2020-06-01,Principal,Upper-Mid,2020,Low
EMP0177,Siddharth Sha,57,Non-binary,Sales,905200.7567511628,11,4.708138179185227,6.086585113437817,0,8,7.00811892672657,Mumbai,2016-01-03,Senior,Upper-Mid,2016,High
EMP0178,Geetika Raghavan,25,Male,Marketing,1481413.6308629266,6,1.2410695611582434,9.670549907921954,3,12,153.1541096470647,Hyderabad,2022-02-03,Mid,Upper-Mid,2022,Low
EMP0179,Oviya Krishnan,26,Non-binary,Operations,794137.2667048175,1,4.737744107222057,6.041513651156578,4,4,6.903732433215825,Jaipur,2022-05-01,Junior,Mid,2022,High
EMP0180,Upma Bahl,58,Male,Sales,1988067.6666358477,12,2.4064907489585377,9.431402158297828,2,9,26.7356723947444,Pune,2024-03-25,Senior,Senior,2024,Medium
EMP0181,Inaya Kapur,29,Non-binary,Finance,1150266.9391060024,13,1.405683313796866,1.470320913574214,4,7,18.109882988196595,Surat,2025-12-13,Senior,Upper-Mid,2025,Low
EMP0182,Banjeet Balasubramanian,49,Female,HR,557136.977433487,26,2.9434870367453025,4.769139871667452,1,9,40.797932539913866,Noida,2013-04-12,Principal,Mid,2013,Medium
EMP0183,Ryan Bahri,52,Non-binary,Operations,471643.0007755551,16,2.027106270882032,3.34142011865846,2,10,5.526204170164231,Ahmedabad,2016-11-16,Principal,Entry,2016,Medium
EMP0184,William Date,30,Non-binary,Marketing,1092988.966097274,8,2.1394916078476918,7.577388684826568,3,6,22.506968368622605,Lucknow,2019-09-29,Senior,Upper-Mid,2019,Medium
EMP0185,Ishwar Kamdar,50,Non-binary,Sales,810614.8858696596,16,2.2291598597051463,9.83167381447522,2,11,12.84707422274078,Ahmedabad,2016-02-08,Principal,Mid,2016,Medium
EMP0186,Aahana Pillay,35,Male,HR,1185600.197636837,7,4.212103591330654,3.30877056199823,4,6,87.4816134109318,Noida,2018-04-25,Mid,Upper-Mid,2018,High
EMP0187,Ishwar Gade,43,Male,Engineering,1089295.0498294178,1,3.156645106701018,6.88757141326667,0,9,1.6572919009690688,Mumbai,2015-05-01,Junior,Upper-Mid,2015,Medium
EMP0188,Hritik Bal,32,Female,Operations,870868.4349372509,27,2.2452307966240146,2.7828786948376614,2,9,98.0097727221519,Hyderabad,2015-01-14,Principal,Mid,2015,Medium
EMP0189,Keya Ranganathan,44,Male,Sales,561282.512772638,23,3.441335133243673,6.087972291144489,3,7,71.58905474785168,Chennai,2012-10-08,Principal,Mid,2012,Medium
EMP0191,Charvi Dara,58,Non-binary,Sales,721394.0191731916,2,2.090496002934135,9.748047966683831,5,8,62.29102421854531,Bengaluru,2017-01-29,Junior,Mid,2017,Medium
EMP0192,Idika Walia,42,Male,Sales,1242559.517729389,15,2.654196406101406,6.476745454268199,0,12,1.2684433555126262,Kochi,2020-07-19,Senior,Upper-Mid,2020,Medium
EMP0193,Kamala Biswas,47,Non-binary,Sales,985637.4976520817,5,1.4875443733477902,4.145557348781369,1,7,136.2872704478794,Chennai,2015-01-16,Mid,Upper-Mid,2015,Low
EMP0194,Advik Salvi,57,Female,Finance,401704.4885152048,18,1.7245973981387213,2.0268620639914,2,4,29.9121559517812,Ahmedabad,2024-04-19,Principal,Entry,2024,Low
EMP0195,Hitesh Sant,44,Female,Engineering,969272.3703404728,29,3.7244714158599312,2.361221458614411,4,7,14.454925732288295,Kochi,2013-09-17,Principal,Upper-Mid,2013,High
EMP0196,Tripti Dua,22,Male,Marketing,1054126.9518915347,6,1.7257533907825078,3.027852369561116,4,7,18.01326160118232,Chandigarh,2016-03-25,Mid,Upper-Mid,2016,Low
EMP0197,Patrick Vig,36,Male,Marketing,546457.0255195468,9,3.1006535346682407,3.258699952062682,3,7,2.748517289536721,Ahmedabad,2019-12-26,Senior,Mid,2019,Medium
EMP0198,Veda Shroff,42,Female,Marketing,961490.0423782112,8,3.8361850468897303,8.65554452057024,4,5,181.6859903204895,Delhi,2016-01-04,Senior,Upper-Mid,2016,High
EMP0199,Amrita Naidu,30,Female,HR,923283.4873784,1,1.4275076923789751,6.051005094542724,0,7,1.6033883698862326,Mumbai,2022-10-07,Junior,Upper-Mid,2022,Low
EMP0200,Gabriel Mallick,30,Male,Operations,442811.8808677508,27,3.269248878515614,5.710518202369298,4,6,42.55766759654982,Lucknow,2018-10-16,Principal,Entry,2018,Medium
EMP0201,Yagnesh Shetty,31,Male,Marketing,1043114.9441393132,27,2.026251134805455,2.032919846822957,3,7,23.388642157144503,Surat,2019-01-15,Principal,Upper-Mid,2019,Medium
EMP0202,Gayathri Balakrishnan,47,Male,Operations,1124313.8105472936,14,4.851707500950319,8.741257240144915,5,7,118.97152854129862,Noida,2018-10-19,Senior,Upper-Mid,2018,High
EMP0203,Ekta Gopal,56,Non-binary,Marketing,1333220.4972701108,29,2.934182586879699,7.5053287288763535,2,11,11.29450266214177,Hyderabad,2015-12-12,Principal,Upper-Mid,2015,Medium
EMP0204,Simon Pant,46,Male,Engineering,1321520.820813961,4,4.223970199100632,1.6090152571000145,2,10,30.37890086043001,Chandigarh,2011-08-31,Mid,Upper-Mid,2011,High
EMP0205,Harini Mammen,47,Male,HR,348932.2528171636,28,3.200906168625047,7.370515875067918,4,8,26.3387173850736,Bengaluru,2025-06-30,Principal,Entry,2025,Medium
EMP0206,Advaith Varughese,32,Non-binary,HR,524869.9840339508,21,1.1736501314192769,5.891843956083815,1,11,48.54294231694779,Chennai,2018-11-25,Principal,Mid,2018,Low
EMP0207,Frederick Khurana,59,Female,Sales,1106014.106883464,3,3.5326055023760894,1.7355281117210044,2,7,2.81733771386126,Jaipur,2025-10-26,Mid,Upper-Mid,2025,High
EMP0208,Vrinda Khosla,23,Male,Finance,1105514.3803648837,19,4.805613368826628,5.124705773757908,5,11,8.616397816489485,Mumbai,2014-07-18,Principal,Upper-Mid,2014,High
EMP0209,Vritti Sem,28,Non-binary,HR,1106019.0745224191,3,3.4064472805853248,5.362266584170423,4,4,9.660693819886207,Jaipur,2016-08-11,Mid,Upper-Mid,2016,Medium
EMP0210,Girik Menon,39,Male,HR,2441092.5962618887,17,4.276755437707161,2.4919708614694818,3,6,53.599453639454495,Kolkata,2012-01-28,Principal,Senior,2012,High
EMP0211,Nidhi Kohli,48,Male,Engineering,1128356.2042772667,3,4.536825853393632,9.51128332300254,5,8,8.38633033562773,Delhi,2018-09-28,Mid,Upper-Mid,2018,High
EMP0212,Jyoti Solanki,55,Non-binary,Marketing,1354226.2560722395,26,1.91231908779573,8.649778343325957,4,12,34.08494405252015,Hyderabad,2024-07-21,Principal,Upper-Mid,2024,Low
EMP0213,Pavani Narayanan,48,Female,HR,1281600.7053972809,16,1.8481793596329064,7.021201035961975,5,6,9.69528835239895,Gurgaon,2021-02-17,Principal,Upper-Mid,2021,Low
EMP0214,Sudiksha Madan,38,Non-binary,HR,1160556.5005223192,11,3.443923955403967,5.160660049005465,2,6,79.11150108893379,Kochi,2018-05-18,Senior,Upper-Mid,2018,Medium
EMP0215,Zayan Kashyap,45,Male,Finance,773892.3021438618,21,2.644113879226819,4.705889874260577,3,8,114.02059530138268,Delhi,2019-05-15,Principal,Mid,2019,Medium
EMP0216,Reyansh Mutti,46,Female,Operations,1203587.688197307,16,4.359445211466881,6.858761204358587,4,10,29.233378316278525,Ahmedabad,2024-01-10,Principal,Upper-Mid,2024,High
EMP0217,Qasim Handa,28,Non-binary,Engineering,590869.9141849712,9,4.600092493592045,5.908886824662149,0,9,17.373654777477682,Delhi,2017-10-13,Senior,Mid,2017,High
EMP0218,Veda Malhotra,27,Non-binary,Finance,805272.5573039964,21,2.4136855172108724,1.5604579529369706,3,13,10.665941455637231,Lucknow,2024-07-21,Principal,Mid,2024,Medium
EMP0219,Harish Hari,45,Female,HR,705854.5808683586,0,1.947482235897928,5.612523838932985,0,8,2.042511849668152,Gurgaon,2022-03-26,Junior,Mid,2022,Low
EMP0221,Chasmum Atwal,50,Non-binary,Engineering,1825863.4266694037,25,2.0992241421925444,5.133158898372622,1,10,42.47992724568827,Ahmedabad,2016-10-21,Principal,Senior,2016,Medium
EMP0223,Brinda Date,47,Non-binary,Sales,1174504.0761498054,26,2.6949530145950518,8.076503794456297,5,13,115.3256388882859,Chandigarh,2019-11-15,Principal,Upper-Mid,2019,Medium
EMP0225,Upasna Srinivas,42,Non-binary,HR,711227.2536842267,17,1.3821412553386727,3.327587513992349,2,12,47.34894732099937,Jaipur,2019-08-14,Principal,Mid,2019,Low
EMP0226,Harini Gour,28,Female,Finance,1335580.2387869463,13,3.495437298706292,2.482357180890663,2,7,26.88069952308811,Chandigarh,2012-06-02,Senior,Upper-Mid,2012,Medium
EMP0227,Zayyan Sridhar,38,Female,Operations,925712.007638185,14,2.8070707149489165,3.971935583843478,1,9,28.7448536449608,Chennai,2018-11-18,Senior,Upper-Mid,2018,Medium
EMP0228,Dhruv Rattan,41,Non-binary,Operations,468902.0888282776,28,3.3464338527018964,7.810763551197716,3,5,12.466659966291054,Kolkata,2022-10-14,Principal,Entry,2022,Medium
EMP0229,Ethan Bera,41,Non-binary,Finance,613878.5162960128,11,1.6720568309794537,5.674472735535436,3,8,24.275166827047656,Gurgaon,2015-07-07,Senior,Mid,2015,Low
EMP0230,Manthan Modi,43,Female,Finance,1171839.0995738704,3,3.947494979776729,2.843931467356413,3,10,25.45441987308301,Ahmedabad,2026-02-26,Mid,Upper-Mid,2026,High
EMP0231,Yuvraj Dani,49,Female,Marketing,886922.1007623627,26,4.451188310172914,8.900470703368367,5,9,49.05453405383664,Ahmedabad,2021-07-10,Principal,Mid,2021,High
EMP0232,Upkaar Virk,28,Non-binary,HR,986583.43583279,2,1.8669592003631024,8.916236694563763,1,2,112.9653866564797,Hyderabad,2013-02-05,Junior,Upper-Mid,2013,Low
EMP0233,Shravya Savant,22,Female,Marketing,918228.7359615256,19,1.382858222080647,8.835205825414063,3,8,15.978602426858505,Ahmedabad,2025-12-11,Principal,Upper-Mid,2025,Low
EMP0234,Pushti Mody,53,Male,Sales,639359.8609576732,28,1.0945543441853456,3.1491659024338534,5,7,1.7246712120164551,Jaipur,2017-03-24,Principal,Mid,2017,Low
EMP0235,Hardik Johal,34,Male,HR,1757577.63573013,11,3.567886001773064,5.061154097628893,2,4,27.430589955651765,Bengaluru,2023-03-30,Senior,Senior,2023,High
EMP0236,Aishani Bumb,51,Male,HR,1153567.6089272045,6,3.428376144355123,9.864906905267876,0,8,31.45098699537734,Kolkata,2016-05-27,Mid,Upper-Mid,2016,Medium
EMP0238,Naksh Agate,40,Female,HR,974581.725907771,10,1.9277883844639017,1.2445067910300385,2,5,57.16216365285953,Kochi,2022-08-23,Senior,Upper-Mid,2022,Low
EMP0239,Shravya Singhal,53,Male,Sales,905200.7567511628,0,2.5636239836220587,1.5868413213444286,2,4,167.79960427780608,Surat,2014-04-21,Junior,Upper-Mid,2014,Medium
EMP0240,Bachittar Kata,51,Non-binary,Operations,1240973.3339184895,5,3.377905340744692,5.175382391310995,0,9,116.58432013775688,Jaipur,2018-12-15,Mid,Upper-Mid,2018,Medium
EMP0241,Barkha Setty,50,Non-binary,Operations,582991.7046269197,14,2.987067435436677,5.285170257779297,2,4,8.781305083390532,Chandigarh,2018-10-26,Senior,Mid,2018,Medium
EMP0242,Vivaan Lalla,50,Male,HR,854105.4234132404,14,4.951142080859549,5.848316181574428,1,6,83.29406765066219,Kochi,2011-12-31,Senior,Mid,2011,High
EMP0243,Pavani Contractor,51,Non-binary,Operations,1101994.911592183,18,1.5457590102269323,5.285170257779297,0,8,48.7625962952808,Bengaluru,2013-05-16,Principal,Upper-Mid,2013,Low
EMP0244,Manthan Lata,37,Male,Marketing,1246302.077668049,10,2.7205529957396215,1.9492632996096757,2,11,24.19421296187688,Gurgaon,2016-04-24,Senior,Upper-Mid,2016,Medium
EMP0245,Ekbal Bhasin,40,Male,HR,419881.4371776895,25,2.6172750724171685,6.911020942518647,4,8,31.114316837399784,Delhi,2018-06-04,Principal,Entry,2018,Medium
EMP0246,Damyanti Mani,39,Male,Marketing,766199.5056636207,22,2.712798459702459,8.39892844540203,5,4,75.77832123657076,Chennai,2018-03-04,Principal,Mid,2018,Medium
EMP0247,Jeet Sidhu,22,Non-binary,Finance,710021.8755356176,25,3.870391062632705,4.423780067568061,2,6,26.167440015479933,Noida,2020-05-30,Principal,Mid,2020,High
EMP0248,Neha Magar,35,Non-binary,Finance,638668.3069705153,1,3.769744605297479,7.980506658327947,1,9,18.68558101113053,Noida,2019-01-19,Junior,Mid,2019,High
EMP0249,Raksha Buch,23,Male,Engineering,1606181.6961124388,13,4.965023974808753,9.680289885107303,3,9,27.189301860036583,Gurgaon,2016-03-27,Senior,Senior,2016,High
EMP0250,Rachana Naidu,49,Male,HR,1061992.6843843823,1,1.513577157816501,2.833898132149202,2,6,34.61723263858937,Kolkata,2020-07-07,Junior,Upper-Mid,2020,Low
EMP0251,Atharv Chand,51,Male,Finance,395646.418265982,28,1.4164385975366651,5.709966680752672,3,10,8.383319204103545,Pune,2013-10-03,Principal,Entry,2013,Low
EMP0252,Ansh Luthra,59,Male,Finance,1267144.7788219105,3,3.0608267650178806,3.58424162276118,4,6,92.46815381604152,Kochi,2026-03-06,Mid,Upper-Mid,2026,Medium
EMP0253,Parth Singhal,25,Female,Operations,1748862.4788050533,16,3.3135476680256364,8.135689771304554,2,4,44.85726099102248,Noida,2022-05-29,Principal,Senior,2022,Medium
EMP0254,Arunima Golla,22,Male,Engineering,1312986.1042204588,2,2.0966426662392235,6.198340292930418,0,4,40.125057772201615,Jaipur,2015-10-22,Junior,Upper-Mid,2015,Medium
EMP0256,Ijaya Rege,50,Male,Operations,706306.3708534995,8,1.342632998385722,8.181227436543047,4,9,37.071216081216605,Gurgaon,2023-09-29,Senior,Mid,2023,Low
EMP0257,Ekani Cheema,24,Female,HR,1406764.4596746492,6,4.576763498656473,4.563734253962094,0,10,5.1570251776442575,Mumbai,2019-04-21,Mid,Upper-Mid,2019,High
EMP0258,Forum Sabharwal,53,Non-binary,Marketing,616932.2137524877,14,1.7674692988749716,9.23581061566339,0,13,3.278681578983189,Chennai,2021-12-13,Senior,Mid,2021,Low
EMP0259,Bhavya Rattan,31,Female,HR,1077527.771258491,22,2.293486248462083,5.797259805215259,0,11,29.97269565010749,Chandigarh,2015-10-25,Principal,Upper-Mid,2015,Medium
EMP0260,Suhani Chakrabarti,31,Male,Marketing,1209853.621371735,28,1.906625608907952,2.421593405518132,0,8,20.619159625898824,Chennai,2023-07-22,Principal,Upper-Mid,2023,Low
EMP0261,Zayyan Naik,40,Non-binary,Engineering,529227.8113687668,28,2.419985223327749,7.263092063519222,2,11,35.548021648557715,Gurgaon,2016-11-04,Principal,Mid,2016,Medium
EMP0262,Netra Varkey,55,Male,Sales,876189.85757528,10,1.2776953709843737,8.13935215394429,5,1,3.738251367767902,Surat,2021-06-04,Senior,Mid,2021,Low
EMP0264,Raghav Vasa,44,Non-binary,Sales,490244.9434662841,1,1.2704502543688596,8.714613312988778,2,10,7.684535953674736,Lucknow,2020-01-28,Junior,Entry,2020,Low
EMP0265,Wishi Sathe,49,Non-binary,Marketing,798972.7394427359,14,4.201426031289446,5.552674236566461,4,9,174.02138513683698,Ahmedabad,2023-04-09,Senior,Mid,2023,High
EMP0266,Samar Loke,53,Female,HR,400886.7272140602,13,1.934848327641732,3.49214038640028,4,10,32.94392376066126,Gurgaon,2022-03-14,Senior,Entry,2022,Low
EMP0267,Bhavna Sarma,28,Male,Sales,1552964.521572654,19,3.1600476584180424,9.851693254437,5,6,46.51795140899185,Bengaluru,2021-08-21,Principal,Senior,2021,Medium
EMP0268,Jairaj Balakrishnan,50,Female,Sales,327943.44881574693,21,4.5203163502458334,2.266403752438826,4,12,15.746498210916505,Ahmedabad,2011-09-19,Principal,Entry,2011,High
EMP0269,Nathan Mukhopadhyay,29,Female,HR,723982.2053212065,10,3.6035094761887767,2.81814101562241,1,6,3.9812753972595134,Jaipur,2018-06-09,Senior,Mid,2018,High
EMP0270,Nikita Chander,22,Male,Sales,952296.2309144364,26,3.131831146205341,2.658023553142235,5,11,148.97340622488403,Ahmedabad,2025-10-28,Principal,Upper-Mid,2025,Medium
EMP0271,Ishaan Shenoy,24,Male,HR,1476509.3156264462,2,2.2973350124615024,5.7945229728461065,4,7,13.489407084910912,Pune,2023-01-23,Junior,Upper-Mid,2023,Medium
EMP0272,Mitesh Tara,45,Male,Sales,325655.13952822424,16,2.332007652232792,6.8886329709246565,5,7,22.052586474838076,Pune,2022-12-17,Principal,Entry,2022,Medium
EMP0273,Yashodhara Mahajan,44,Non-binary,Engineering,1365265.5008619835,29,3.677947820792761,2.368938549000456,2,7,41.97733619697687,Jaipur,2019-12-25,Principal,Upper-Mid,2019,High
EMP0274,Vasudha Sodhi,29,Female,HR,904093.2244078348,11,4.97655744488467,4.962910765315141,2,3,1.0002956902622684,Noida,2022-02-20,Senior,Upper-Mid,2022,High
EMP0275,Tanmayi Dhillon,58,Female,Engineering,507396.5395808196,23,3.6473567593975145,6.5376822256282185,5,5,66.48383930129268,Jaipur,2020-01-27,Principal,Mid,2020,High
EMP0276,Rayaan Trivedi,24,Female,Operations,1084841.3897053082,27,3.2311336694801,1.7511767649044496,1,7,30.76470411930685,Kolkata,2013-11-16,Principal,Upper-Mid,2013,Medium
EMP0277,Ekaraj Majumdar,54,Female,Finance,979623.878229388,28,3.922602040956984,8.94174731566605,1,14,13.041239938294533,Ahmedabad,2020-10-02,Principal,Upper-Mid,2020,High
EMP0278,Harini Tripathi,49,Female,Engineering,659913.2491364821,20,2.8608224491348726,8.232431818973817,5,9,2.5434996462112207,Kochi,2020-08-12,Principal,Mid,2020,Medium
EMP0279,Aarnav Mandal,29,Non-binary,Sales,927920.8339960076,14,1.2405693704031409,5.546860962189744,4,4,7.093284932555566,Pune,2023-12-08,Senior,Upper-Mid,2023,Low
EMP0280,Vrishti Dixit,55,Male,Marketing,745874.5612552959,15,3.2491872635116392,9.704139537332534,3,12,90.16469784394188,Gurgaon,2013-07-14,Senior,Mid,2013,Medium
EMP0281,Veda Pai,56,Non-binary,Operations,945406.9381004992,4,4.830501138021521,4.759848813475897,1,9,46.337577693698336,Hyderabad,2021-07-12,Mid,Upper-Mid,2021,High
EMP0282,Krishna Shah,53,Non-binary,Engineering,1164852.2698084186,26,3.07909579422407,9.85699287132848,0,5,11.502041728760224,Chandigarh,2011-10-16,Principal,Upper-Mid,2011,Medium
EMP0283,Ranbir Khare,45,Non-binary,Operations,1534406.7264581409,19,3.760019563282663,7.011279989232643,2,5,2.7140594222748646,Hyderabad,2025-07-17,Principal,Senior,2025,High
EMP0284,Vivaan Roy,35,Male,Engineering,404873.8004692604,5,1.803734754636226,6.712041459285473,5,7,46.926793306067935,Surat,2012-12-19,Mid,Entry,2012,Low
EMP0285,Eesha Solanki,53,Male,Engineering,1753213.3498625066,18,3.143310737892325,2.493594057662065,0,13,33.98340672828853,Kolkata,2011-08-08,Principal,Senior,2011,Medium
EMP0287,Balhaar Date,25,Non-binary,Marketing,839285.9619857667,4,2.801483745032741,4.847407191285536,2,10,18.07783892946766,Gurgaon,2013-08-03,Mid,Mid,2013,Medium
EMP0288,Harish Sarraf,58,Female,Engineering,1135326.8825938306,2,4.024653315580984,2.460100652042314,2,5,9.775416624995994,Noida,2021-09-04,Junior,Upper-Mid,2021,High
EMP0289,Tanmayi Aurora,42,Male,Finance,1012396.747094013,26,2.3902860969559283,1.1134676797818313,1,7,44.29941229356678,Kolkata,2017-06-22,Principal,Upper-Mid,2017,Medium
EMP0290,Nimrat Dubey,35,Male,Marketing,650920.1920717625,0,3.659646897948872,6.037801152745443,1,5,141.16308625249667,Mumbai,2022-12-11,Junior,Mid,2022,High
EMP0292,Mitali Buch,39,Male,Marketing,702799.6261364669,27,4.708711277917811,7.474182601322427,5,7,36.36432554419646,Chandigarh,2024-05-30,Principal,Mid,2024,High
EMP0293,Lajita Nadig,28,Non-binary,HR,664254.0972223154,5,1.9385683274218144,9.01232247716022,2,9,22.07875788974521,Ahmedabad,2022-05-10,Mid,Mid,2022,Low
EMP0294,Balendra Biswas,31,Female,Operations,1239840.83880841,14,2.597263663237233,1.7146592617872658,0,7,23.6733818267491,Chandigarh,2012-04-02,Senior,Upper-Mid,2012,Medium
EMP0295,Bhavna Karan,28,Male,Engineering,1042806.1943860188,1,1.6096640533216695,5.747072191517191,3,8,11.729084988573344,Kochi,2013-05-22,Junior,Upper-Mid,2013,Low
EMP0296,Radha Chaudhari,54,Female,Finance,622836.1618957383,28,4.969934008633501,2.68670749687824,0,6,69.7496128111894,Noida,2014-06-06,Principal,Mid,2014,High
EMP0297,Sachi Ganesan,44,Male,Marketing,1259839.9501733002,2,4.708003871697182,8.723593478414475,4,2,26.56339281031273,Kolkata,2016-03-11,Junior,Upper-Mid,2016,High
EMP0298,Ayush Batra,42,Female,HR,1022919.8083506436,16,3.1598285211222383,8.371571624754905,0,6,31.358414474894204,Kolkata,2021-04-02,Principal,Upper-Mid,2021,Medium
EMP0299,Daksh Memon,40,Female,Operations,1225144.847535584,24,4.368133177505685,5.867143794869899,4,6,14.539979288471322,Lucknow,2019-03-15,Principal,Upper-Mid,2019,High
EMP0300,Kavya Sankar,40,Male,Sales,1151851.5367694448,23,3.0838319090881687,7.392185187609804,4,12,8.026352809468465,Noida,2016-01-10,Principal,Upper-Mid,2016,Medium
EMP0301,Yash Wali,57,Male,Sales,568401.9956311712,11,3.494342752011039,3.829151018653736,4,5,3.5930667516867625,Gurgaon,2013-11-30,Senior,Mid,2013,Medium
EMP0302,Pranit Garde,50,Female,Marketing,675927.5839212122,17,1.3564977284640665,5.240511090395332,3,5,50.087205264599646,Lucknow,2024-12-31,Principal,Mid,2024,Low
EMP0303,Farhan Raja,39,Non-binary,Finance,974085.5953526881,14,4.021081681987232,8.394732079394245,0,6,8.737897896045236,Bengaluru,2016-06-14,Senior,Upper-Mid,2016,High
EMP0304,Widisha Dhar,23,Male,Finance,1144148.106173386,11,1.5108539345409393,5.133386774558925,0,6,46.8570435631831,Ahmedabad,2016-08-19,Senior,Upper-Mid,2016,Low
EMP0305,Triya Kumar,22,Male,Operations,891639.3624143407,15,4.304270521010114,4.220184387928976,3,9,19.796545479268957,Mumbai,2022-11-24,Senior,Mid,2022,High
EMP0306,Aadhya Andra,26,Non-binary,Operations,946930.9533235128,26,4.128112350681544,5.447912025252699,2,12,21.4987502296168,Bengaluru,2022-02-17,Principal,Upper-Mid,2022,High
EMP0307,Bhavna Dugar,41,Non-binary,Engineering,1411065.95831537,7,3.8349787909719057,8.454243271934965,1,10,25.333103248589488,Jaipur,2020-12-19,Mid,Upper-Mid,2020,High
EMP0308,Riya Pai,32,Male,Marketing,663371.444465668,27,1.1446415220990485,4.016872426337855,0,5,18.336190793918387,Surat,2021-09-19,Principal,Mid,2021,Low
EMP0310,Chasmum Issac,24,Male,Engineering,819122.9390264424,24,2.0524502796433715,7.408126182977027,5,12,14.82120860071184,Gurgaon,2014-03-15,Principal,Mid,2014,Medium
EMP0311,Vasudha Chhabra,44,Male,Finance,812927.5187091118,16,2.4405456298860764,8.433803914372735,5,4,43.59415352801175,Delhi,2015-01-06,Principal,Mid,2015,Medium
EMP0312,Lakshmi Parmer,33,Female,Engineering,1339510.740794876,28,1.3505709870553542,1.9057373067118,3,8,43.8387595867876,Gurgaon,2019-09-09,Principal,Upper-Mid,2019,Low
EMP0313,Chakrika Bains,41,Female,Sales,1230166.539595212,20,4.747831292124252,3.1588670148035023,5,8,13.487460871925377,Gurgaon,2014-09-10,Principal,Upper-Mid,2014,High
EMP0314,Anvi Anand,26,Female,Finance,1225403.8544002555,7,3.215208962849505,2.277747907848945,5,7,24.655048266654184,Ahmedabad,2025-11-29,Mid,Upper-Mid,2025,Medium
EMP0315,Watika Mangat,58,Male,Operations,925712.007638185,14,2.222097242632094,4.131472704239499,2,6,8.599438008733756,Delhi,2015-10-13,Senior,Upper-Mid,2015,Medium
EMP0316,Indira Kanda,59,Female,HR,908401.5366531037,26,2.5879260682971337,5.053158810148714,2,6,9.447737349985283,Jaipur,2015-08-27,Principal,Upper-Mid,2015,Medium
EMP0317,Zashil Devan,51,Male,HR,1172781.1885179856,13,2.7888101620193426,7.739437032669758,2,8,0.932673001480102,Kochi,2014-06-05,Senior,Upper-Mid,2014,Medium
EMP0318,Balveer More,30,Male,Operations,775893.2973626176,17,3.402377333442469,6.860328263935067,5,9,90.82274531048652,Ahmedabad,2021-11-22,Principal,Mid,2021,Medium
EMP0319,Bahadurjit Patla,55,Female,Marketing,1029666.5409953768,19,3.062717710785991,6.588357107305881,3,11,9.464689863575638,Mumbai,2016-01-28,Principal,Upper-Mid,2016,Medium
EMP0320,Gautam Merchant,56,Male,Engineering,847942.7782529262,6,4.677567892857669,4.171374519486889,4,11,10.326684992450808,Chandigarh,2016-07-20,Mid,Mid,2016,High
EMP0321,Ojasvi Gill,43,Female,Finance,938798.3859970872,2,2.987853931623321,8.57302797776284,4,6,13.11802617449586,Bengaluru,2025-04-28,Junior,Upper-Mid,2025,Medium
EMP0322,Kevin Zacharia,45,Female,Operations,1138062.8101747655,28,4.968632059293251,5.241584506583481,1,8,5.451490740082904,Kolkata,2023-04-02,Principal,Upper-Mid,2023,High
EMP0323,Yachana Mahajan,38,Female,Operations,572711.726706611,11,4.405699830980383,9.81194444213639,4,10,40.78423176721212,Gurgaon,2015-06-03,Senior,Mid,2015,High
EMP0324,Aarini Subramaniam,31,Female,Marketing,1736954.910274184,20,1.8340420574293432,6.707279244661631,4,6,3.124643895545274,Lucknow,2013-02-22,Principal,Senior,2013,Low
EMP0325,Hamsini Contractor,51,Female,Engineering,497593.0474001192,23,4.722380858575665,2.1363826740805245,2,7,5.764165855516824,Bengaluru,2021-06-20,Principal,Entry,2021,High
EMP0326,Faqid Dhaliwal,44,Non-binary,Operations,414324.5548849072,27,1.4654655915419044,7.085598058678906,2,6,41.398097879637135,Delhi,2017-01-05,Principal,Entry,2017,Low
EMP0327,Mekhala Pau,53,Non-binary,Sales,1363244.3494000272,25,4.269798833964766,3.925936138885291,5,8,16.600054589251446,Ahmedabad,2026-01-08,Principal,Upper-Mid,2026,High
EMP0328,Megha Atwal,38,Non-binary,Operations,1216665.0775851742,2,2.5224931739063203,7.1769447701748765,1,8,49.23291267974377,Noida,2023-08-05,Junior,Upper-Mid,2023,Medium
EMP0329,Jatin Sha,38,Non-binary,Finance,1149647.926820862,19,4.511897281780279,1.6267703334616517,0,13,32.60579041808464,Chennai,2025-08-21,Principal,Upper-Mid,2025,High
EMP0330,Adweta Raj,35,Non-binary,Engineering,1151338.203705712,13,4.472226760429802,2.5739329345836346,1,5,11.82970811880023,Pune,2023-05-22,Senior,Upper-Mid,2023,High
EMP0331,Hritik Kaur,30,Female,Finance,895101.2908612342,14,4.223701600470484,8.701635330152076,1,9,42.0876199885241,Surat,2015-09-04,Senior,Mid,2015,High
EMP0332,Aryan Narang,23,Male,Engineering,541098.2514056674,24,4.1601217452282455,3.044616013211634,3,8,4.944314294792892,Chandigarh,2015-08-19,Principal,Mid,2015,High
EMP0333,Dev Shetty,46,Male,Sales,930321.8232774906,29,2.218716556392163,8.53337012718646,5,11,30.750222576097784,Kolkata,2022-01-11,Principal,Upper-Mid,2022,Medium
EMP0334,Nilima Dada,30,Female,Finance,629135.3153951553,13,1.3236771322050087,3.5134847960896938,3,7,22.989549978920337,Lucknow,2016-07-06,Senior,Mid,2016,Low
EMP0335,Chakradev Barad,43,Male,HR,1290047.8933671005,6,2.611920715060646,6.785937190528369,1,8,12.472083154514737,Delhi,2017-12-14,Mid,Upper-Mid,2017,Medium
EMP0336,Waida D’Alia,25,Male,Operations,841177.0473991445,16,1.694098059946035,7.247355161588479,1,4,37.05414753446358,Gurgaon,2015-03-02,Principal,Mid,2015,Low
EMP0337,Wahab Yogi,47,Non-binary,Sales,569801.1212829954,29,3.779804355609847,5.613892778305477,1,7,82.02128844779276,Pune,2018-07-03,Principal,Mid,2018,High
EMP0338,Lipika Setty,50,Non-binary,Engineering,771445.6633388026,11,2.384398906151142,3.747796090270581,4,8,272.6690705730227,Gurgaon,2014-05-08,Senior,Mid,2014,Medium
EMP0339,Oni Dubey,55,Non-binary,Finance,1065172.5817102497,19,4.90244080343966,2.913799387339865,3,12,37.43553761853359,Lucknow,2019-05-25,Principal,Upper-Mid,2019,High
EMP0340,Hardik Suri,44,Male,Operations,674510.1788784101,3,3.563888309381328,1.298704191061836,1,8,20.7479866687292,Gurgaon,2025-04-25,Mid,Mid,2025,High
EMP0341,Ati Bali,58,Non-binary,Sales,571111.8417734274,8,4.289922254537444,3.7355176111665145,2,7,10.20638045701856,Jaipur,2021-10-05,Senior,Mid,2021,High
EMP0342,Teerth Sawhney,32,Female,Engineering,997474.8845967648,5,1.5300986909673937,6.878465114781547,5,9,11.887542754644429,Kolkata,2013-05-18,Mid,Upper-Mid,2013,Low
EMP0343,Warinder Patil,27,Male,HR,997986.6284434892,15,4.44805792909049,5.7945229728461065,5,9,26.115155894282456,Pune,2020-07-21,Senior,Upper-Mid,2020,High
EMP0344,Jhalak Parmer,39,Male,HR,697222.7298515481,24,4.691028762053577,8.840840340367468,2,10,18.308946388098143,Lucknow,2020-02-14,Principal,Mid,2020,High
EMP0345,Mitali Majumdar,42,Non-binary,Engineering,711584.6777526708,27,2.948247675275744,7.8945829888177235,5,4,98.0501436573432,Chandigarh,2014-12-15,Principal,Mid,2014,Medium
EMP0346,Jason Sha,57,Female,HR,992819.9749430544,21,3.4250117510039098,8.096026089279688,4,5,18.373340250664207,Kochi,2021-05-14,Principal,Upper-Mid,2021,Medium
EMP0347,Simon Bail,59,Non-binary,Sales,320766.2634010704,21,4.059239203611982,6.984864131283957,4,10,18.700722666001678,Noida,2019-04-14,Principal,Entry,2019,High
EMP0348,Gauri Kohli,55,Non-binary,Operations,337014.4902493779,20,1.6993545090416502,5.285170257779297,0,13,19.350117567358502,Ahmedabad,2020-11-20,Principal,Entry,2020,Low
EMP0349,Samesh Biswas,38,Male,HR,612622.3114990257,20,3.0102643058537697,9.16475527635247,0,13,72.46711162666446,Gurgaon,2012-02-08,Principal,Mid,2012,Medium
EMP0350,Tarak Kaul,58,Male,Operations,814621.139315261,1,2.5946521110892524,7.036590807152506,0,7,42.083080404814766,Jaipur,2017-07-08,Junior,Mid,2017,Medium
EMP0351,Manbir Agate,46,Non-binary,Marketing,1024363.026239202,23,1.5854959686489964,6.04396567882396,5,8,38.09421765118708,Mumbai,2022-01-29,Principal,Upper-Mid,2022,Low
EMP0352,Maanav De,59,Male,HR,1490142.4867798206,7,2.4701376891661257,1.998905222921329,4,6,16.267215193103535,Surat,2012-10-28,Mid,Upper-Mid,2012,Medium
EMP0353,Owen Choudhary,33,Male,Marketing,1243063.8492808077,10,1.2726892375419745,5.023499894257829,4,10,68.12888918150635,Delhi,2022-11-18,Senior,Upper-Mid,2022,Low
EMP0354,Karan Aurora,44,Male,Operations,836024.5880146292,12,1.103247627797948,5.143224440817336,4,8,1.5647653649013966,Hyderabad,2011-05-25,Senior,Mid,2011,Low
EMP0355,Wazir Naik,43,Non-binary,Finance,892393.5168389245,16,1.540665156619291,8.78107248570403,2,5,81.8548720778085,Lucknow,2019-07-29,Principal,Mid,2019,Low
EMP0356,Owen Lanka,42,Male,Operations,498988.2541448765,7,4.852460446356695,5.285170257779297,4,10,28.759109397524384,Lucknow,2025-04-03,Mid,Entry,2025,High
EMP0357,Jonathan Sama,48,Non-binary,Sales,892594.745603044,20,3.198118143580068,4.423604940733687,2,13,20.31654370478705,Kochi,2017-06-03,Principal,Mid,2017,Medium
EMP0358,Devansh Soni,52,Male,Finance,784536.5444319446,17,4.863288644612879,9.791202956595932,0,3,27.49990920935533,Chennai,2025-05-06,Principal,Mid,2025,High
EMP0359,Janaki Varghese,27,Female,Finance,1029087.4241352358,29,2.729991513320528,1.9964853399368407,0,10,44.03445630570164,Hyderabad,2024-06-29,Principal,Upper-Mid,2024,Medium
EMP0360,Siya Thakur,48,Male,HR,981385.4543468892,17,2.2472645323410383,4.802935854807501,5,1,0.5139041873448964,Chandigarh,2018-06-24,Principal,Upper-Mid,2018,Medium
EMP0361,Caleb Verma,55,Non-binary,HR,1107738.6056964688,13,3.0245674513609764,1.3782220765426476,0,5,82.08920033200917,Delhi,2014-04-23,Senior,Upper-Mid,2014,Medium
EMP0362,Tara Balasubramanian,33,Male,HR,1513095.565201031,14,2.7580467545316405,5.7945229728461065,5,10,23.677054688748584,Kolkata,2025-10-11,Senior,Senior,2025,Medium
EMP0363,Varenya Ratti,28,Non-binary,Operations,856495.9406172569,5,1.4226587370469757,9.262688969792356,1,13,16.800812097411963,Delhi,2016-02-19,Mid,Mid,2016,Low
EMP0364,Hritik Swaminathan,31,Non-binary,Finance,1060684.688839577,10,3.563305258760825,3.5203359659544047,1,11,5.951397113198945,Noida,2021-01-02,Senior,Upper-Mid,2021,High
EMP0365,Ethan Buch,38,Male,Sales,1176057.596684445,12,1.8641527300383984,8.725075091192089,3,6,23.154570481306862,Lucknow,2024-12-08,Senior,Upper-Mid,2024,Low
EMP0366,Manbir Bhatti,47,Non-binary,Sales,739511.8112456655,24,3.4783518195913183,3.62996407415708,5,9,27.432785411271464,Chandigarh,2012-08-29,Principal,Mid,2012,Medium
EMP0367,Anvi Nair,42,Male,Marketing,989636.9927241668,0,3.600804369592613,9.196931454795235,3,11,20.67687972303979,Gurgaon,2019-12-06,Junior,Upper-Mid,2019,High
EMP0368,Chaitaly Setty,49,Female,Engineering,905036.960312718,27,1.6080994125145924,7.785657132371055,3,8,45.41023273413405,Delhi,2019-05-07,Principal,Upper-Mid,2019,Low
EMP0369,Hardik Contractor,23,Non-binary,Sales,939070.4394195328,5,1.2453985084426726,8.244160991572947,1,6,21.85096442276513,Ahmedabad,2022-03-01,Mid,Upper-Mid,2022,Low
EMP0370,Qushi Seth,22,Non-binary,HR,590796.0864578134,8,4.123046344273759,1.1620590004040905,5,4,130.1983396342669,Bengaluru,2025-05-15,Senior,Mid,2025,High
EMP0371,Odika Nori,57,Non-binary,Marketing,909804.0697035772,7,2.8392016950772807,9.665293213666232,1,10,36.57944622642657,Chandigarh,2025-01-06,Mid,Upper-Mid,2025,Medium
EMP0372,Mohini Sagar,47,Non-binary,HR,1099199.31649818,10,1.2326551820219032,7.540038928632909,3,13,65.90178047330336,Chennai,2013-12-11,Senior,Upper-Mid,2013,Low
EMP0373,Dhriti Sane,50,Female,Finance,1480457.4431180167,21,4.979465268679069,3.7427598584752,5,6,4.632414945292412,Kochi,2024-07-20,Principal,Upper-Mid,2024,High
EMP0374,Aadhya Prasad,42,Female,Finance,1283708.3304340828,18,1.2311222439854663,8.464551983729622,3,6,20.252850874041087,Mumbai,2013-12-15,Principal,Upper-Mid,2013,Low
EMP0375,Urvi Bhavsar,32,Male,Operations,1761272.9830046226,23,3.7801409154342127,3.5336907857343696,4,8,16.430024157390598,Mumbai,2025-02-10,Principal,Senior,2025,High
EMP0376,Frederick Chander,32,Non-binary,HR,593060.9748447803,8,4.934715701053655,8.85478455609515,5,8,33.71068182797335,Pune,2026-04-11,Senior,Mid,2026,High
EMP0377,Gopal Pradhan,57,Non-binary,Sales,1248928.254688271,16,1.9567204168637025,2.013223513707433,5,10,78.96393482458762,Noida,2017-04-10,Principal,Upper-Mid,2017,Low
EMP0378,Darpan Narayan,56,Female,Engineering,973336.8022953408,11,1.5689974747487847,7.333173797147162,3,7,3.263078130752074,Mumbai,2018-10-01,Senior,Upper-Mid,2018,Low
EMP0379,Nirja Pandya,55,Male,HR,1775921.173287069,24,1.4855397576897156,5.866286289804193,4,8,3.013725301786158,Chennai,2025-05-14,Principal,Senior,2025,Low
EMP0380,Charan Mani,45,Female,Sales,576680.6858579394,13,2.213100590270382,6.086585113437817,2,8,75.96961142077627,Pune,2025-10-01,Senior,Mid,2025,Medium
EMP0381,Indira Chawla,43,Female,Marketing,564111.2631276896,14,1.4041832440425868,3.177044454329551,1,13,9.57346243300566,Pune,2025-03-17,Senior,Mid,2025,Low
EMP0382,Mohammed Subramaniam,26,Male,HR,660242.9418223911,15,3.768645366776528,1.111636326495833,3,8,44.19566905936492,Kolkata,2024-06-20,Senior,Mid,2024,High
EMP0384,Ishwar Mallick,57,Non-binary,Sales,689697.9913276955,21,3.037688512599159,3.711387346840003,1,9,71.56498052397689,Hyderabad,2019-11-02,Principal,Mid,2019,Medium
EMP0385,Pushti Bal,41,Female,Sales,905200.7567511628,27,4.986787415411907,6.38521735867983,1,6,5.345320361155944,Jaipur,2012-12-04,Principal,Upper-Mid,2012,High
EMP0386,Ayush Gole,40,Female,Sales,960157.514590483,19,4.255881078024075,3.675140269377555,1,7,5.560505350319796,Kolkata,2026-01-23,Principal,Upper-Mid,2026,High
EMP0387,Dayamai Nori,56,Female,Sales,1036702.3903108636,0,3.4608777529240435,3.699272003562862,2,6,32.551022841115966,Surat,2015-08-03,Junior,Upper-Mid,2015,Medium
EMP0388,Abeer Golla,38,Male,Finance,1650468.3356863544,9,2.2250144831464467,7.6887387885844305,0,12,117.0323212779918,Lucknow,2026-02-26,Senior,Senior,2026,Medium
EMP0389,Nandini Boase,55,Male,Operations,1280169.5352744202,7,3.495583345166554,1.4332855238051811,3,4,21.4455839965103,Noida,2019-06-20,Mid,Upper-Mid,2019,Medium
EMP0390,Azaan Chand,30,Female,Sales,669238.5377350388,17,3.1081658556466065,9.126054956727884,0,7,15.836956829078929,Bengaluru,2018-09-23,Principal,Mid,2018,Medium
EMP0391,Krisha Saini,47,Non-binary,Finance,540634.1314606569,27,2.704333535561486,8.670374869520632,0,6,37.3262181280046,Bengaluru,2025-05-25,Principal,Mid,2025,Medium
EMP0392,Harita Dugar,23,Non-binary,Engineering,1096767.6686026023,0,1.522841506960798,7.0102421490376585,0,10,106.62756956993402,Bengaluru,2024-01-31,Junior,Upper-Mid,2024,Low
EMP0393,Devika Nair,30,Male,Finance,371906.7171917431,1,4.546416860961867,6.338994130966459,1,3,72.54249731490984,Delhi,2018-05-04,Junior,Entry,2018,High
EMP0394,Charles Dugal,30,Male,Marketing,1632583.5063417414,0,2.79913859528529,9.03072248325687,4,7,216.00169756638752,Surat,2014-03-18,Junior,Senior,2014,Medium
EMP0395,Chandran Bumb,38,Non-binary,Engineering,1371776.0482885148,0,1.7784900472830605,2.66797161575843,1,6,0.913086057117502,Gurgaon,2013-01-03,Junior,Upper-Mid,2013,Low
EMP0396,Saanvi Samra,22,Male,Marketing,712329.7391581181,8,2.4710374035091585,1.7107224597174575,1,7,4.790015296656589,Kolkata,2013-10-03,Senior,Mid,2013,Medium
EMP0398,Tanveer Vala,46,Female,HR,1441548.9496661653,29,4.310151582267498,8.151204508301714,5,10,68.72024030491741,Lucknow,2015-03-06,Principal,Upper-Mid,2015,High
EMP0399,Hemani Sani,56,Male,HR,981385.4543468892,0,3.934457522245608,1.31203240053835,0,8,13.432581287426956,Hyderabad,2014-02-10,Junior,Upper-Mid,2014,High
EMP0402,Christopher Amble,51,Male,Operations,660249.9908184909,25,2.664615992719046,8.701264844537855,5,6,2.321348034871833,Surat,2019-11-01,Principal,Mid,2019,Medium
EMP0403,Charvi Kakar,59,Female,HR,902097.4798872732,21,2.9253766065412945,5.693011201392305,4,14,18.44224059748117,Bengaluru,2022-09-05,Principal,Upper-Mid,2022,Medium
EMP0404,Aadhya Mann,55,Female,Operations,918792.2375058968,6,1.0767691072922267,1.572768183579781,3,9,28.193345890466908,Hyderabad,2013-12-13,Mid,Upper-Mid,2013,Low
EMP0405,Jagdish Amble,33,Male,Operations,719973.8114083025,1,2.039252834980137,8.482361629471388,0,7,32.870932316920495,Ahmedabad,2024-02-28,Junior,Mid,2024,Medium
EMP0406,Qushi Gill,40,Female,HR,1149139.9729389995,5,4.0411592924885404,6.390806573594895,4,8,52.168695193397845,Lucknow,2024-10-09,Mid,Upper-Mid,2024,High
EMP0408,Xiti Pandya,38,Non-binary,Engineering,843048.2059914826,25,3.1412405258103666,1.844715563410206,2,12,37.94061086303312,Ahmedabad,2019-01-18,Principal,Mid,2019,Medium
EMP0409,Mekhala Basak,31,Female,Engineering,948118.2526847596,13,1.86080748806895,9.186641374929332,0,10,35.2152720564096,Chennai,2012-08-14,Senior,Upper-Mid,2012,Low
EMP0410,Anirudh Sharaf,33,Non-binary,Sales,1105775.5336234996,25,1.048483098575573,7.022802366442706,0,11,31.7289649917519,Lucknow,2021-05-10,Principal,Upper-Mid,2021,Low
EMP0411,Dhriti Sanghvi,37,Non-binary,Marketing,1184645.951235556,17,1.964805830398166,8.4635811938508,2,9,40.919785216697306,Mumbai,2014-02-02,Principal,Upper-Mid,2014,Low
EMP0412,Omisha Mann,45,Non-binary,HR,450143.1632648523,14,4.903495019640215,8.910810102540406,2,5,12.01444025053813,Kochi,2013-06-05,Senior,Entry,2013,High
EMP0414,Onveer Sharma,29,Non-binary,Marketing,1411070.7287594036,9,4.838306577284134,5.657017165795372,2,8,5.0802427364041325,Ahmedabad,2015-01-15,Senior,Upper-Mid,2015,High
EMP0415,Gaurang Sarkar,52,Non-binary,Sales,1032925.6047918368,22,2.95141617570545,4.873846692888912,1,6,10.174141346822084,Kochi,2015-03-25,Principal,Upper-Mid,2015,Medium
EMP0417,Farhan Randhawa,38,Non-binary,Finance,1520460.7902090093,16,3.0608267650178806,4.911363647728406,3,10,73.41409961646052,Lucknow,2022-08-16,Principal,Senior,2022,Medium
EMP0418,Harinakshi Kant,44,Male,Sales,946269.8537171434,7,2.8175093382398435,7.964916901571407,3,7,48.33173057525517,Jaipur,2025-08-18,Mid,Upper-Mid,2025,Medium
EMP0419,Om Bose,58,Male,HR,1371718.8736255306,10,4.377428330958464,5.7945229728461065,1,8,62.24358404003872,Bengaluru,2015-11-06,Senior,Upper-Mid,2015,High
EMP0420,Yashvi Hari,37,Female,Finance,927007.3925640436,28,1.3923303231369784,9.032709609593615,2,12,17.291400141898812,Delhi,2022-02-28,Principal,Upper-Mid,2022,Low
EMP0421,Indali Divan,27,Male,Finance,1724299.169952795,2,2.9529645480871127,4.99042012941269,4,8,20.74448383570906,Ahmedabad,2011-06-28,Junior,Senior,2011,Medium
EMP0422,Harshil Dhingra,29,Male,Sales,1602136.3369772816,26,1.600194658775937,6.463806208468786,2,8,20.01401960145582,Pune,2021-02-14,Principal,Senior,2021,Low
EMP0423,Rudra Ghose,46,Non-binary,HR,800414.3406083706,5,2.29870370756024,6.681767977827898,0,12,8.521451311278986,Surat,2021-09-16,Mid,Mid,2021,Medium
EMP0424,Faqid Goel,39,Non-binary,Operations,1288628.380381742,8,3.949428309551199,6.32527446075693,5,5,2.5268223697618946,Chennai,2012-04-01,Senior,Upper-Mid,2012,High
EMP0425,Ucchal Sen,46,Male,Finance,1158150.379834059,5,2.904072517475066,7.323703957769647,3,6,35.75339967873845,Lucknow,2013-02-02,Mid,Upper-Mid,2013,Medium
EMP0426,Diya Dora,33,Female,Sales,1447452.6230129397,8,2.5035531405830773,3.1369012153732565,2,9,181.19020401564185,Kolkata,2015-12-02,Senior,Upper-Mid,2015,Medium
EMP0427,Ekansh Singh,36,Female,Sales,514030.6157679582,6,2.577905114280141,5.611273997912116,4,8,7.300688875017346,Chandigarh,2017-05-26,Mid,Mid,2017,Medium
EMP0428,Chavvi Maharaj,47,Non-binary,Operations,1174420.5839993758,8,2.8377870736239466,1.938023225275129,0,13,1.912388234801276,Chennai,2018-11-09,Senior,Upper-Mid,2018,Medium
EMP0429,Indira Tripathi,47,Male,HR,1323369.7947398352,17,4.140066175348228,4.460601948803313,1,5,60.48005104638556,Ahmedabad,2024-09-29,Principal,Upper-Mid,2024,High
EMP0431,Baljiwan Bhandari,31,Female,Sales,905200.7567511628,7,4.821338746015713,6.870018335909252,4,4,70.79455085213765,Chennai,2015-12-25,Mid,Upper-Mid,2015,High
EMP0433,Yashica Rajagopalan,28,Non-binary,Marketing,792237.2662221768,17,2.261627582992051,6.405859598935203,3,13,116.50975294506485,Kolkata,2025-01-22,Principal,Mid,2025,Medium
EMP0434,Benjamin Sengupta,38,Non-binary,Engineering,1187016.902318385,27,3.7525388243461686,7.692345245589038,2,6,21.0326459443066,Gurgaon,2015-09-29,Principal,Upper-Mid,2015,High
EMP0435,Ekanta Soni,44,Female,Operations,1500942.820838411,29,2.750412496221568,5.556394535456825,0,7,43.38480620342072,Ahmedabad,2020-07-15,Principal,Senior,2020,Medium
EMP0436,David Seshadri,47,Non-binary,Marketing,929637.91216791,19,2.0186824881842047,6.706936282386982,1,10,25.00868524745929,Delhi,2014-08-09,Principal,Upper-Mid,2014,Medium
EMP0437,Hemal Chad,42,Female,Sales,1551446.2182285166,29,4.363486317703691,1.638389945203961,4,7,39.83378457011538,Hyderabad,2013-04-27,Principal,Senior,2013,High
EMP0438,Balveer Kota,43,Female,Engineering,347959.4167140435,14,1.1537053958493,3.289524227576623,4,8,23.88432018934749,Kolkata,2013-08-13,Senior,Entry,2013,Low
EMP0440,Januja Pradhan,35,Male,Finance,877780.9204413525,6,2.8459098584989366,5.252440195058622,4,7,28.36272320662441,Pune,2020-05-27,Mid,Mid,2020,Medium
EMP0441,Lila Rege,36,Non-binary,Operations,1053626.179575723,10,3.5488059072331217,1.4108387095214536,4,8,30.08059099632551,Surat,2017-07-22,Senior,Upper-Mid,2017,High
EMP0442,Charles Natt,28,Female,Marketing,886922.1007623627,19,2.7205529957396215,2.2602168779798597,0,8,66.5565766640018,Chennai,2019-07-23,Principal,Mid,2019,Medium
EMP0443,Forum Chandra,30,Female,Marketing,886922.1007623627,15,4.580470962826146,3.491328770121752,3,9,53.19969254086012,Chandigarh,2018-05-19,Senior,Mid,2018,High
EMP0444,Bhanumati Krishnan,29,Male,Marketing,864351.9841948847,3,3.5466787286688293,9.743794218109455,2,6,43.60096577607912,Chennai,2019-05-20,Mid,Mid,2019,High
EMP0445,Gauri Bumb,44,Male,Operations,378212.1997980587,5,3.455734339040247,3.9821230639274567,0,8,4.813872071786839,Mumbai,2021-04-12,Mid,Entry,2021,Medium
EMP0446,Inaya Mukherjee,50,Female,HR,1167869.0195320153,25,1.2666081622427598,5.7945229728461065,3,11,51.00676558968588,Gurgaon,2014-08-05,Principal,Upper-Mid,2014,Low
EMP0447,Kai Chad,39,Male,Sales,1046639.2984387391,21,2.953401248366565,2.764879414645536,0,12,27.75030718342351,Lucknow,2015-01-11,Principal,Upper-Mid,2015,Medium
EMP0448,Krisha Narasimhan,52,Non-binary,Operations,524048.0854690579,25,1.6006760032681666,6.497020639681915,5,7,89.8102258357938,Kolkata,2022-08-22,Principal,Mid,2022,Low
EMP0449,Girik Sampath,51,Female,Finance,694453.2330653226,2,3.9497350748859423,3.5261489396437686,0,9,100.96466483792604,Chennai,2024-05-31,Junior,Mid,2024,High
EMP0450,Andrew Patil,56,Male,Finance,476314.5912444194,8,3.048887683250698,2.8629332059458408,4,6,2.2694427823755623,Mumbai,2012-07-18,Senior,Entry,2012,Medium
EMP0451,Pranit Kala,39,Non-binary,Finance,874928.3610907312,27,3.720911116833413,5.649153656013811,3,9,68.73476077055673,Surat,2018-01-07,Principal,Mid,2018,High
EMP0452,Vedika Handa,38,Female,Sales,1282056.9282004954,9,1.166691602409537,1.0495521924437874,2,5,1.5370525924316776,Gurgaon,2021-11-15,Senior,Upper-Mid,2021,Low
EMP0453,Laksh Dubey,35,Non-binary,Engineering,505709.5814657825,13,3.07909579422407,1.0689762938430278,2,13,18.302114553232443,Lucknow,2012-06-27,Senior,Mid,2012,Medium
EMP0454,Chakrika Chaudhuri,52,Non-binary,Marketing,1101618.6062071377,10,3.865293552250729,2.97161928191672,3,12,31.261651122342723,Noida,2019-10-13,Senior,Upper-Mid,2019,High
EMP0455,Gayathri Deep,45,Female,Sales,687896.9526510236,17,1.2883373439946937,1.3304922625073905,4,8,6.41148269598385,Chandigarh,2012-03-30,Principal,Mid,2012,Low
EMP0456,Mitesh Gaba,56,Non-binary,Marketing,582850.8670950623,21,1.2850269110610344,1.9722317871762225,1,8,54.86629033427188,Mumbai,2019-07-14,Principal,Mid,2019,Low
EMP0457,Noah Sarma,55,Male,Sales,857187.8560181769,11,1.0484339009395498,4.049745844048765,0,5,0.3355920131366529,Kochi,2018-11-25,Senior,Mid,2018,Low
EMP0458,Nirja Patla,24,Male,Marketing,485903.0710322504,22,2.7205529957396215,8.223271116218315,4,9,7.385724305191167,Surat,2019-11-28,Principal,Entry,2019,Medium
EMP0459,Sachi Mane,58,Male,Sales,678540.2778611272,11,3.950033437836028,6.148437790323707,5,3,34.77598334525861,Chandigarh,2013-07-26,Senior,Mid,2013,High
EMP0460,Vivaan Walla,47,Non-binary,Engineering,420848.8429644606,12,2.4130056340082566,5.614009533607748,3,8,50.12477996701606,Ahmedabad,2016-03-28,Senior,Entry,2016,Medium
EMP0461,Dayamai Singh,44,Male,Operations,1685890.0531665557,24,2.186142325150621,3.641399408873095,0,10,99.3849568834495,Gurgaon,2019-02-14,Principal,Senior,2019,Medium
EMP0462,Jhalak Sastry,36,Non-binary,Finance,914105.4207886916,12,2.398812918983398,9.385783474895348,2,8,48.898596292483006,Kochi,2013-01-22,Senior,Upper-Mid,2013,Medium
EMP0463,Baghyawati Raja,25,Male,Marketing,620109.7968029657,18,4.098614124724728,4.573135371134725,1,13,44.56275761566667,Kochi,2014-05-26,Principal,Mid,2014,High
EMP0464,Neel Iyengar,50,Female,Sales,985591.9642936888,25,3.6454824442816576,1.7838349011619434,5,3,20.05753596803148,Chennai,2020-01-25,Principal,Upper-Mid,2020,High
EMP0465,Zashil Ben,43,Non-binary,Engineering,855068.780123668,18,1.7407822714698715,6.553598645060212,2,9,0.0514100443310411,Noida,2012-09-06,Principal,Mid,2012,Low
EMP0466,Kamya Chauhan,46,Non-binary,Engineering,811612.1601867108,22,1.6964373413363374,2.0245455412894127,3,4,5.120574548956864,Noida,2018-12-22,Principal,Mid,2018,Low
EMP0467,Bhavani Chacko,34,Male,Finance,1145666.68001737,13,1.3935825988535893,4.107008285215229,0,12,30.5904145474786,Hyderabad,2023-06-13,Senior,Upper-Mid,2023,Low
EMP0468,Anjali Sengupta,39,Female,Sales,1203003.084018922,3,3.641210878805353,6.086585113437817,3,8,44.97319301141225,Surat,2018-02-13,Mid,Upper-Mid,2018,High
EMP0469,Rajeshri Chand,54,Male,Operations,687799.540955789,12,4.057490648886944,5.285170257779297,0,6,21.613492578915796,Noida,2019-01-07,Senior,Mid,2019,High
EMP0470,Shravya Palla,37,Male,Marketing,886922.1007623627,7,2.060185713300016,5.441919223061068,4,8,52.47405380248955,Pune,2018-03-03,Mid,Mid,2018,Medium
EMP0471,Oeshi Bera,23,Female,Operations,789979.3211393424,28,1.0837798441236512,7.320328894284978,1,8,29.514260116003825,Hyderabad,2012-03-08,Principal,Mid,2012,Low
EMP0474,Udarsh Bala,51,Female,Engineering,1446749.7069778098,22,3.07909579422407,3.472583729675676,3,9,73.30281436338441,Surat,2022-03-02,Principal,Upper-Mid,2022,Medium
EMP0475,Hardik Nayak,34,Male,Finance,1557987.0854005134,18,4.076892591352534,4.551184680378817,1,6,51.62667786551077,Chennai,2017-04-04,Principal,Senior,2017,High
EMP0476,Laksh Barad,34,Non-binary,Sales,800385.5841774486,11,3.498654275417055,4.796453606849482,0,5,90.06122815043045,Lucknow,2023-07-26,Senior,Mid,2023,Medium
EMP0477,Urmi Dewan,39,Male,HR,1130622.7852223066,17,2.527758558611584,4.699189677389912,0,7,5.002454552162968,Noida,2022-07-04,Principal,Upper-Mid,2022,Medium
EMP0478,Saumya Ahluwalia,53,Non-binary,HR,1024500.0618174144,5,1.8227490487822204,9.168499023008994,5,8,185.10699966477853,Chandigarh,2019-12-29,Mid,Upper-Mid,2019,Low
EMP0480,Mason Wable,56,Female,Sales,1347829.9645738308,18,2.953401248366565,6.471146926816334,5,7,0.4739923507668336,Lucknow,2016-06-26,Principal,Upper-Mid,2016,Medium
EMP0481,Indrajit Mani,50,Non-binary,Marketing,848832.9634076934,21,4.098535122551152,3.784354460765039,5,8,238.44422789751877,Lucknow,2012-04-10,Principal,Mid,2012,High
EMP0482,Charvi Dara,50,Female,Engineering,971304.5863179069,4,3.5756170141645227,8.414113457991652,0,5,13.199867517573464,Gurgaon,2026-03-25,Mid,Upper-Mid,2026,High
EMP0484,Dev Choudhry,31,Non-binary,HR,981385.4543468892,8,1.167804893726545,8.390784542952039,4,7,7.77652573125032,Lucknow,2012-05-09,Senior,Upper-Mid,2012,Low
EMP0485,Amol Varma,51,Male,Engineering,597459.7018862786,26,4.873955110377535,1.014085946723256,4,10,34.72179360310935,Delhi,2025-04-29,Principal,Mid,2025,High
EMP0486,Maanas Manne,46,Male,Engineering,331098.5161609304,2,4.194856766618298,5.747072191517191,4,5,93.75086384698017,Kochi,2011-10-17,Junior,Entry,2011,High
EMP0487,Aarav Pandit,41,Male,HR,641370.8463029894,27,2.171288146803859,1.4602184329789063,1,8,15.43715755990778,Lucknow,2017-06-14,Principal,Mid,2017,Medium
EMP0488,Omaja Grover,26,Male,HR,467380.798554242,9,4.919881317435403,3.318464983003497,0,6,44.37730180845363,Lucknow,2022-11-08,Senior,Entry,2022,High
EMP0489,Jalsa Bir,22,Female,Engineering,1574856.654029026,18,3.4075263585452884,1.5357223031299452,3,6,8.325448514471537,Mumbai,2022-10-21,Principal,Senior,2022,Medium
EMP0490,Madhavi Singhal,51,Male,Finance,1252655.9027797803,2,3.329690632828986,6.43415907654449,1,11,39.21135193529684,Chennai,2025-12-29,Junior,Upper-Mid,2025,Medium
EMP0491,Lila Prakash,24,Male,Operations,896810.943473353,28,3.992292717718128,7.179309221433461,2,10,16.406064012159714,Noida,2021-01-02,Principal,Mid,2021,High
EMP0492,Amol Parikh,35,Non-binary,Operations,1491977.6555560103,28,4.24707915236055,2.030388742593146,3,9,9.490117822433287,Ahmedabad,2017-08-16,Principal,Upper-Mid,2017,High
EMP0493,Hemani Khosla,51,Female,Engineering,930947.3230590472,21,3.6259144293260106,4.454549947404815,5,9,15.02744062492113,Mumbai,2026-03-18,Principal,Upper-Mid,2026,High
EMP0494,Gaurangi Deol,25,Female,Marketing,555486.3194686945,14,1.5123829854648,5.106128580599878,3,9,7.881544217924884,Surat,2017-01-20,Senior,Mid,2017,Low
EMP0495,Indira Nigam,39,Non-binary,Marketing,1509249.630907863,0,2.3530700239779936,5.552674236566461,3,5,92.87728496145463,Pune,2024-05-12,Junior,Senior,2024,Medium
EMP0496,Ucchal Srinivas,58,Non-binary,Finance,1115564.0174738634,6,4.712334561304199,2.089225004366737,4,11,20.24592231399401,Chandigarh,2024-12-02,Mid,Upper-Mid,2024,High
EMP0497,Krishna Bhatnagar,46,Male,Sales,485101.5382694174,11,1.898462447375408,4.770530111687279,3,7,11.256301541653196,Bengaluru,2016-12-14,Senior,Entry,2016,Low
EMP0498,Balhaar Memon,22,Female,Engineering,823864.5287665568,16,2.4886680953500533,7.760602430275763,5,6,23.79785392815149,Delhi,2021-07-23,Principal,Mid,2021,Medium
EMP0499,Caleb Iyengar,36,Male,Marketing,549752.6986460972,29,2.728307531776784,1.639068980799299,5,5,15.458050896963815,Kochi,2021-03-30,Principal,Mid,2021,Medium
EMP0500,Diya Mukherjee,30,Non-binary,Engineering,346880.1076142655,20,2.7576199587778087,1.7216201267371312,0,10,54.56867548896831,Chennai,2019-05-29,Principal,Entry,2019,Medium
